listing_year,title,author,detail_url,title_eng,language,faculty,programme,department,submitted,defended,abstract,key_words,pdf_url,abstract_length,is_ai_focused_zero_shot,ai_confidence_zero_shot,is_ai_focused_llm,ai_confidence_llm,is_ai_focused
2020,Implementace knihovny pro použití Domain-Driven Designu v prostředí .NET a Mongo DB,dužij maxim,https://vskp.vse.cz/79938_implementace-knihovny-pro-pouziti-domain-driven-designu-v-prostredi-net-a-mongo-db?type=Bakal%C3%A1%C5%99sk%C3%A1+pr%C3%A1ce&year=2020&page=6,ddd infrastructure library on .net core platform using mongodb,english,fakulta informatiky a statistiky,aplikovaná informatika,katedra informačních technologií,6. 5. 2020,25. 6. 2020,"ddd (domain-driven design) is a popular approach to complex software development. however, there are many ways to implement such approach on .net core platform using mongodb database.main goal of this bachelor thesis is a creation of a framework that could help me, as a developer, speed up early development and use ddd approach in my .net application. the framework will include not only common ddd objects and interfaces (typed identifiers, domain aggregates and domain events) but also include persistence layer where it will use mongodb database engine.part of this bachelor work will also include sample library domain and library client application (razor pages) what will use the framework and demonstrate basic principles of ddd.",ddd; domain-driven design; mongodb; .net core,https://insis.vse.cz/zp/71436,738,False,0.5705583691596985,False,0.0,False
2020,Model-driven development a jeho využití při vývoji velkých informačních systémů,barchánková adéla,https://vskp.vse.cz/80049_model-driven-development-a-jeho-vyuziti-pri-vyvoji-velkych-informacnich-systemu?type=Bakal%C3%A1%C5%99sk%C3%A1+pr%C3%A1ce&year=2020&page=7,model driven development and its use in the development of large information systems,english,fakulta informatiky a statistiky,aplikovaná informatika,katedra informačních technologií,10. 5. 2020,24. 6. 2020,"the main aim of this bachelor thesis is to provide a comprehensive description of model-driven development and analyse its approaches, practices and available tools with focus on server-based applications of large information systems. the first part of this study shall cover the definitions of the methodology, its principles, best practices, and analyse the possible benefits or disadvantages of this approach. it will also capture the current situation on the market with commercial mdd tools. second part contains an analysis and description of the metasystem application: a non-commercial mdd tool developed by czech it company, which is used for modelling and development of large information systems. the thesis provides a comparison between the mentioned tool and one of the most commonly used application – sparks’s enterprise architect with one main question: would metasystem be commercially competitive on current market? in the latter part, the thesis focuses on an analysis and design of possible enhancements in the functionality of the tool.",model-driven development; modelling; software development; information technology,https://insis.vse.cz/zp/71974,1057,False,0.7111928462982178,False,0.0,False
2020,Návrh uživatelského rozhraní pro chytré brýle,poláček robert,https://vskp.vse.cz/79987_navrh-uzivatelskeho-rozhrani-pro-chytre-bryle?type=Bakal%C3%A1%C5%99sk%C3%A1+pr%C3%A1ce&year=2020&page=7,user interface concept for smart glasses,english,fakulta informatiky a statistiky,aplikovaná informatika,katedra multimédií,8. 5. 2020,23. 6. 2020,"the goal of this thesis is to design a concept of the user interface for smart glasses for everyday personal use, that should help developers to make digital products for this platform.the theoretical part contains an analysis of manufacturers’ approaches to user interfaces inside smart glasses. the first section is a list of models, currently available in the market. the second section aims to collect important information, that helps to design the user interface concept (elements’ placement in user’s point of view, user experience evolution and user needs). the third section aims to summarize current visual design approaches in extended reality industry. the practical part is the concept of the user interface itself, based on the research from the theoretical part. the concept includes optimal ways to control smart glasses, their physical characteristics, user interface components, suggested apps list and visual design recommendations.",smart glasses; user interface; design,https://insis.vse.cz/zp/71250,951,False,0.6853442788124084,False,0.0,False
2020,Serverless Computing: Benefits and challenges,drozdová zuzana,https://vskp.vse.cz/80120_serverless-computing-benefits-and-challenges?type=Bakal%C3%A1%C5%99sk%C3%A1+pr%C3%A1ce&year=2020&page=8,serverless computing: benefits and challenges,english,fakulta informatiky a statistiky,aplikovaná informatika,katedra informačních technologií,11. 5. 2020,22. 6. 2020,"serverless computing is a relatively new, and still evolving cloud category, which brings a new approach to the development and deployment of applications. the serverless fundamental model function as a service (faas) allows to execute small pieces of code, without dealing with a server. the purpose of this thesis is to explore this topic more deeply, and introduce architectural design patterns, which are suitable for the serverless approach. this cloud category has benefits, but as it is a new technology, it has also certain drawbacks. this thesis demonstrates these benefits and drawbacks on use cases, or a situation. the purpose of the practical part is to develop a prototype application, which applies the architectural patterns described in the thesis. in the thesis is also described a detailed implementation and then evaluation of the application. the result of this thesis are benefits and drawbacks of serverless computing, serverless architectural design patterns and a prototype application.",cloud computing; aws; serverless computing; function as a service,https://insis.vse.cz/zp/72336,1011,False,0.6828542351722717,False,0.0,False
2020,Obchodní hodnota a vliv principů UX a UI v internetovém obchodě,nekhymchuk valeriya,https://vskp.vse.cz/80093_obchodni-hodnota-a-vliv-principu-ux-a-ui-v-internetovem-obchode?type=Bakal%C3%A1%C5%99sk%C3%A1+pr%C3%A1ce&year=2020&page=8,the business value and influence of ux and ui principles in e-commerce,english,fakulta informatiky a statistiky,aplikovaná informatika,katedra informačních technologií,10. 5. 2020,22. 6. 2020,"this bachelor thesis explores the importance of user experience and user interface principles to an e-commerce website and the value their application contributes to the business. the fields of user experience and user interface design were defined and various principles presented. furthermore, the topic of e-commerce was described with a particular focus on how an e-commerce website's business performance is measured. the reader can expect to be familiarized with the terminology of the topic. the goal is to evaluate the impact of user experience and user interface principles on an e-commerce website. it was achieved by surveying people with experience in online shopping and experts in the field of e-commerce. further insights on the topic were gathered by interviewing some of the expert participants. the results demonstrate that user experience and user interface principles are highly valued both by experts who design and optimize e-commerce websites, and the shoppers who use them. the e-commerce professionals who were interviewed also agreed that user experience and user interface design bring value to an e-commerce business, and recommended close collaboration between experts in design, sales and data analysis.",business value; ui; user interface; influence; e-commerce; user experience; ecom;  ux,https://insis.vse.cz/zp/68268,1233,False,0.5728555917739868,False,0.99,False
2020,Analyza využití Google Analytics v konkrétní firmě,badashkhanov vladimir,https://vskp.vse.cz/80160_analyza-vyuziti-google-analytics-v-konkretni-firme?type=Bakal%C3%A1%C5%99sk%C3%A1+pr%C3%A1ce&year=2020&page=8,analysis of google analytics usage in a particular business,english,fakulta informatiky a statistiky,aplikovaná informatika,katedra systémové analýzy,11. 5. 2020,18. 6. 2020,"the aim of this bachelor thesis is to reflect influence of usage of google analytics on a product lifecycle. based on a professional literature and data that was generously provided from a multinational company that desired to stay anonymous, this thesis describes digital marketing and one of the major products in this field – google analytics.  part of this document is focused on technology behind google analytics. another part is focused on analysis of usage of google analytics inside a company that was mentioned above and one of its products.first part of thesis acquaints user with terms digital marketing and google analytics and reflects their importance in modern age while at the same time describing technology behind google analytics software. consequently, reader will be introduced to general information about company that provided data for research purposes of this document. in the practical part will be conducted actual analysis based on gathered data and therefore reader will explore the actual influence of integrating google analytics inside the company’s product.as an outcome of this research, thesis reflects usage of google analytics inside a company and states whether it brings value or not.",google analytics; digital marketing; web analytics; software,https://insis.vse.cz/zp/71805,1224,False,0.7641876339912415,False,0.0,False
2020,Prehľad psychosociálnych a kognítivnych faktorov ktoré ovplyvňujú priebeh softvérových projektov.,kočiš roman,https://vskp.vse.cz/80125_prehlad-psychosocialnych-a-kognitivnych-faktorov-ktore-ovplyvnuju-priebeh-softverovych-projektov?type=Bakal%C3%A1%C5%99sk%C3%A1+pr%C3%A1ce&year=2020&page=9,a field review of cognitive and psychosocial factors influencing software development management,english,fakulta informatiky a statistiky,aplikovaná informatika,katedra informačních technologií,11. 5. 2020,17. 6. 2020,"software development projects are prone to systematic failure as a cause of involved parties processing and sharing information in maladaptive ways that impedes progress of the project. two explanatory ways of information processing are presented. first is the confirmation bias, which describes a natural tendency of individuals to avoid information that is not the information they would like to be seeing. the other is the mum effect, which is the tendency of individuals to withhold information for various internal and external reasons. an observational case study is presented that describes a software project plagued by the issues that the two factors are responsible for in many cases. some tips for information technology managers are presented with the aim of helping to recognise and battle the consequences of the factors taking effect.",congitive bias; software project; information transmission; mum effect,https://insis.vse.cz/zp/72285,849,False,0.7182587385177612,False,0.0,False
2020,Světlo jako prvek vizuálního vyprávění,ziakun kseniia,https://vskp.vse.cz/80048_svetlo-jako-prvek-vizualniho-vypraveni?type=Bakal%C3%A1%C5%99sk%C3%A1+pr%C3%A1ce&year=2020&page=9,light as an element in visual storytelling,english,fakulta informatiky a statistiky,aplikovaná informatika,katedra multimédií,10. 5. 2020,17. 6. 2020,"lighting is an essential part of filmmaking. it is designed to evoke emotions in the audience, highlight the characters and enrich the plot. light is as important as acting and musical accompaniment. many beginner film enthusiasts ignore the light and think more about the quality of the camera and lenses. but in fact, even with the best and most modern cameras, the image will look dull and flat if the lighting was not given enough attention.the theoretical part contains the theory of light as a physical phenomenon: it summarizes the history of technical development of light and describes the fundamental technologies that exist today. this part is followed by a chapter that deals with light as a means of expression and discusses ways of using it to convey artistic value. the practical part analyzes two films differing in mood in terms of lighting. the function of light is described in the context of a scene: what light tells about the story, what atmosphere it creates and what mood it contributes. the conclusion of the practical part is that the study of the theory of light allows the film to open to the viewer on a completely new, deeper and richer level. allowing him to notice important details that communicate more about the film than was just told in the plot. thus, proving the initial idea about the inherent importance of light as an integral element of cinema language.",film; hmi; tungsten; led; exposure; film language; lighting,https://insis.vse.cz/zp/71983,1396,False,0.8353995680809021,False,0.0,False
2020,Possibilities of Amazon AWS and Google GCP cloud services in specific usecases,michálek ondřej,https://vskp.vse.cz/80182_possibilities-of-amazon-aws-and-google-gcp-cloud-services-in-specific-usecases?type=Bakal%C3%A1%C5%99sk%C3%A1+pr%C3%A1ce&year=2020&page=10,possibilities of amazon aws and google gcp cloud services in specific usecases,english,fakulta informatiky a statistiky,aplikovaná informatika,katedra informačních technologií,11. 5. 2020,17. 6. 2020,"cloud iaas providers that target enterprise and midmarket customers generally offer a high-quality service, with excellent availability, good performance, high security and good customer support. this group of providers contain amazon web services who pioneered the cloud iaas market in 2006 and also google cloud platform who entered the cloud iaas market in 2012.work aims to analyze and differentiate three services which these providers offer to customers:* virtual machines and their usage in server scaling (aws elastic compute cloud, gcp compute cloud)* storage used while file sharing (aws simple storage service, gcp storage)* access management of services and data (aws iam, gcp iam)all of these three chapters contain detailed introduction of the service, the concept it roofs and detailed comparison of steps needed to set-up such services. this is needed for analysing the differences and similarities of provided services and serves two purposes:* comparison of services provided by these provides * evaluation of why is aws more popular than gcp and if customers should choose either of them",amazon aws; simple storage; ec2; compute engine; scaling; iam; google cloud platform; s3; access management,https://insis.vse.cz/zp/71568,1106,False,0.7625869512557983,False,0.0,False
2020,Role režiséra v reklamní tvorbě a jeho možnosti kreativně ovlivnit výstup,sobolev igor,https://vskp.vse.cz/80126_role-rezisera-v-reklamni-tvorbe-a-jeho-moznosti-kreativne-ovlivnit-vystup?type=Bakal%C3%A1%C5%99sk%C3%A1+pr%C3%A1ce&year=2020&page=10,the director's role in commercial films and his ability to creatively influence the final output,english,fakulta informatiky a statistiky,aplikovaná informatika,katedra multimédií,11. 5. 2020,17. 6. 2020,"the principal theme of this bachelor thesis is getting into details of the director’s job in the commercial production process and reveal hidden parts that might not be obvious for people entering this field. it will cover not only the creative side of this profession, but also what goes behind the scene, which might prove to be much more important, than the ability to work on set.in the theoretic part i will briefly describe basic terminology and cover some of the historical changes that happened in the commercial and filmmaking industry over time. finally, based on detailed research, the practical part will answer to remaining questions, giving a full picture of a commercial director’s profession, and give advices for beginner directors who are planning to work or have an interest in commercial shooting.",advertising agency; director; advertising film; production company; filmmaking; commercial director,https://insis.vse.cz/zp/72274,817,False,0.7945250868797302,False,0.0,False
2020,RecruBot: Návrh HR Chatbota,nová denisa,https://vskp.vse.cz/80074_recrubot-navrh-hr-chatbota?type=Bakal%C3%A1%C5%99sk%C3%A1+pr%C3%A1ce&year=2020&page=12,recrubot: designing an hr chatbot,english,fakulta informatiky a statistiky,aplikovaná informatika,katedra informačních technologií,10. 5. 2020,16. 6. 2020,"the aim of this bachelor thesis is to design a chatbot named recrubot that will inform potential candidates about the company’s job opportunities. this work includes well described finalized design of the chatbot, including its structure, functionalities and components. necessary components for chatbot construction are researched and consequently discussed. the resulting design is then evaluated based on predetermined requirements and based on conducted interview with university students of various fields of study.",conversation agent; artificial intelligence; chatbot; recrubot; design,https://insis.vse.cz/zp/71120,520,False,0.6380236148834229,False,0.67,False
2021,Recommender system pro B2B data,zajda tomáš,https://vskp.vse.cz/83516_recommender-system-pro-b2b-data?type=Bakal%C3%A1%C5%99sk%C3%A1+pr%C3%A1ce&year=2021&page=4,recommender system for b2b data,english,fakulta informatiky a statistiky,aplikovaná informatika,katedra informačních technologií,10. 5. 2021,23. 8. 2021,"this bachelors thesis examines the topic of practical recommender systems. the document consists of both theoretical and practical parts.  the theoretical part starts by describing and defining the concept of a recommender system. then the history and development of these systems are briefly described. the main concepts and design approaches are introduced based on several publications about the topic. the strengths and weaknesses of each design approach are considered.  one of these approaches is chosen, specifically the content-based approach, with the help of the facts described in the theoretical part. the principles of this approach are used to design a practical recommender system that proposes potential customers to sales representatives in the b2b market. the input of this algorithm are real-world data from the czech market provided by a company with experience and expertise in this field.  the first result of the practical part of the thesis is an automated algorithm that recommends companies to sales representatives based on their historical behavior. the second result is a web interface created to configure and test the algorithm. the last part of the thesis evaluates the created solution and proposes future steps to further develop and improve it.",recommender system; content-based filtering; e-commerce,https://insis.vse.cz/zp/74467,1279,False,0.655167281627655,False,0.0,False
2021,Podpora v reportovaní a registrace bosenských emigrantů pro Velvyslanectví Bosny a Hercegoviny v Praze,josipović ivona,https://vskp.vse.cz/83458_podpora-v-reportovani-a-registrace-bosenskych-emigrantu-pro-velvyslanectvi-bosny-a-hercegoviny-v-praze?type=Bakal%C3%A1%C5%99sk%C3%A1+pr%C3%A1ce&year=2021&page=5,support in reporting and registration of bosnian emigrants for the embassy of bosnia and herzegovina in prague,english,fakulta informatiky a statistiky,aplikovaná informatika,katedra informačních technologií,10. 5. 2021,24. 6. 2021,"the main goal of this bachelor&apos;s thesis, which focuses on analyzing the needs and problems of the embassy of bosnia and herzegovina in prague, is to create an application for adding and editing records and building a dynamic dashboard according to the established needs. the main goal is to create a sw application for emigrant registration and reporting. in the theoretical part, the author explains the basic concepts of data visualization, dashboards, and its creation principles. this section also includes an introductory chapter on the embassy of bosnia and herzegovina in prague. the practical part defines the needs and criteria for creating a system and dashboard, determined by an interview with the staff of the embassy of bosnia and herzegovina in prague. the main benefit and result of this part will be a functional application and dashboard, created with the recommended principles from the thesis&apos;s theoretical part. in the last part, user testing verifies the application and dashboard functionality and whether users can easily utilize them.",embassy; emigrants; dashboard; data,https://insis.vse.cz/zp/75410,1069,False,0.6220225691795349,False,0.0,False
2021,Vývoj systému na správu serviscníh požadavků s využitím Microsoft 365,houdek štěpán,https://vskp.vse.cz/82633_vyvoj-systemu-na-spravu-serviscnih-pozadavku-s-vyuzitim-microsoft-365?type=Bakal%C3%A1%C5%99sk%C3%A1+pr%C3%A1ce&year=2021&page=6,developing field service management system using microsoft 365,english,fakulta informatiky a statistiky,aplikovaná informatika,katedra informačních technologií,27. 4. 2021,23. 6. 2021,"small and medium enterprises in czechia significantly lack behind in integration of digital technology compared to large enterprises. many of the small companies still rely on paper and pen or excel sheets to assign work, keep records of employees’ working hours and work-related information which is not only time-consuming but often leads to erroneous results. the aim of this bachelor thesis is to assess the feasibility of development and implementation of a field service management system by a non-developer accessible to small and medium enterprises.  the development of the system is formalized by using some practices of the agile modeling while information pertaining to the development is stored using the diary-driven development approach. the development is led by a single person using only tools available in the microsoft 365 package. after the development is finished, the system is implemented in a small enterprise. to test the hypothesis that a small enterprise will accept such system, an expectation confirmation theory is used to assess the satisfaction of the end consumer. the hypothesis is confirmed by excellent customer feedback.",power apps; power platform; bookings; field service management,https://insis.vse.cz/zp/73092,1157,False,0.6666838526725769,False,0.0,False
2021,Podpora veganství. Účinky filmové propagandy.,dontsova ekaterina,https://vskp.vse.cz/83376_podpora-veganstvi-ucinky-filmove-propagandy?type=Bakal%C3%A1%C5%99sk%C3%A1+pr%C3%A1ce&year=2021&page=8,promoting veganism. the effects of film propaganda,english,fakulta informatiky a statistiky,aplikovaná informatika,katedra multimédií,9. 5. 2021,22. 6. 2021,"the topic of propaganda in cinematography has been explored by many because of the opportunity movies have to influence peoples’ opinions. particularly effective at this task are documentaries. vegan propaganda seems to be underrepresented in studies conducted to determine its influence. the theoretical part of the thesis defines propaganda tools according to the institute for propaganda analysis. moreover, in the fourth and fifth chapters, i look into the devices used to influence the audiences of nazi and soviet propaganda. after defining the most effective tools, in the practical part, i analyse propaganda traits in the recent successful film “seaspiracy”, which brings up the topic of sustainable fishing. moreover, i focus on the filmmaking techniques and expressive means of cinematography that helped to convey the message of the film. this part of the thesis continues with quantitative research, particularly survey research. its goal is to understand whether the audience of the film was able to recognise propaganda in the movie. the thesis offers empirical data, that show the level of the effectiveness of propaganda. the result of the research shows that out of 30 people who ate fish before watching the movie, 21 did consider changing their eating habits.",vegan propaganda; transfer; plain folks ; montage; false dilemma,https://insis.vse.cz/zp/72429,1279,False,0.6364902257919312,False,0.0,False
2021,Využití rozšířené reality s gamifikačními prvky pro marketing na sociálních sítích,sittová gabriela,https://vskp.vse.cz/83538_vyuziti-rozsirene-reality-s-gamifikacnimi-prvky-pro-marketing-na-socialnich-sitich?type=Bakal%C3%A1%C5%99sk%C3%A1+pr%C3%A1ce&year=2021&page=9,use of augmented reality with gamification elements for marketing on social networks,english,fakulta informatiky a statistiky,aplikovaná informatika,katedra multimédií,10. 5. 2021,17. 6. 2021,"this bachelor thesis’ topic is assessing the current state of ar. it focuses on the historical development of this technology and its current use for marketing purposes on social networks. the thesis contains an analysis of the program for ar effects creation - spark ar by facebook, the process of creation of interactive ar effect with gamification elements that can be used in the commercial sphere, and a description of the implementation of the effect on social media and its evaluation.",augmented reality; spark ar; ar effects; social networks,https://insis.vse.cz/zp/72591,492,False,0.7113624215126038,False,0.0,False
2021,Návrh elektronického volebního systému využívající technologii blockchain,tkačik vladislav,https://vskp.vse.cz/83537_navrh-elektronickeho-volebniho-systemu-vyuzivajici-technologii-blockchain?type=Bakal%C3%A1%C5%99sk%C3%A1+pr%C3%A1ce&year=2021&page=10,design of an electronic election system using blockchain technology,english,fakulta informatiky a statistiky,aplikovaná informatika,katedra informačních technologií,10. 5. 2021,16. 6. 2021,"this thesis deals with e-voting and designing an appropriate e-voting system based on blockchain technology for elections in the czech republic and its parliament election. this thesis consists of a research of e-voting systems and a practical part, which consists of designing the voting system itself. in the first part, the first goal is to provide information and knowledge upon which the practical part of this thesis is based on. the author will acquire this information by an in-depth analysis of electronic voting and by studying already realised e-voting systems as well as voting systems based on blockchain and also their design proposals. the second goal is to create a suitable design of a voting system based on blockchain by using knowledge acquired in the first part.",electronic elections; digital election system; blockchain; blockchain elections; elections; design of a blockchain election system,https://insis.vse.cz/zp/72607,783,False,0.8076521158218384,False,0.0,False
2021,Samoobslužné BI řešení pro podporu řízení farmakovigilančních signálů,petrášová jaroslava,https://vskp.vse.cz/83421_samoobsluzne-bi-reseni-pro-podporu-rizeni-farmakovigilancnich-signalu?type=Bakal%C3%A1%C5%99sk%C3%A1+pr%C3%A1ce&year=2021&page=11,self-service business intelligence solution to pharmacovigilance signal management,english,fakulta informatiky a statistiky,aplikovaná informatika,katedra informačních technologií,10. 5. 2021,16. 6. 2021,"the main goal of this thesis is to analyse signal management processes within pharmaceutical industry companies and then to propose a self-service business intelligence solution which could be used to streamline the processes.  theoretical part of the thesis introduces the science of pharmacovigilance focusing on signal management processes and outlines the eu regulatory framework and legal requirements. practical part then contains the analysis of the processes and guidelines. based on the results of this analysis, proposes an ssbi solution. the main contribution of this thesis is development of an integrated and centralised tool for standardized tracking of information regarding adverse events caused by a medicine throughout their lifecycle. this tool with various dashboards enables the management to monitor compliance metrics, facilitate resource management and provide a visual overview for the companies as well as for the clients. implementation of this solution could lead to improvement of decision-making skills of its stakeholders, leading to a consistent process void of scattering to protect patients and public health.",self service business intelligence; ssbi; pharmacovigilance; power bi,https://insis.vse.cz/zp/75860,1143,False,0.5208680629730225,False,0.0,False
2021,Loosely Symmetric Neural Network Implementation,formánková lucie,https://vskp.vse.cz/83364_loosely-symmetric-neural-network-implementation?type=Bakal%C3%A1%C5%99sk%C3%A1+pr%C3%A1ce&year=2021&page=14,loosely symmetric neural network implementation,english,fakulta informatiky a statistiky,aplikovaná informatika,katedra informačního a znalostního inženýrství,9. 5. 2021,14. 6. 2021,"insufficient or imbalanced data are a common issue, e.g., in healthcare where the data is limited to protect personal data and privacy. this imbalance results in classifiers&apos; poor performance as they usually prioritize the majority class during classification.  the artificial neural network requires a large amount of well-prepared balanced data. human beings, on the other hand, can extract new information even from a few. this thesis deals with the implementation of cognitive biases into neural networks, which should help the model imitate human learning. the loosely symmetric model designed by taniguchi et al. had been tested before by authors in the language r and achieved the best results from all tested models. during this thesis, the implementation was created in python as there is no other available.  the thesis contains a theoretical introduction to machine learning, the fit algorithm of the neural network, the loosely symmetric model description, including created variants, and the evaluation. during the evaluation of the spam classification, the new lsnn implementation managed to keep up with the model lsnb and even achieved better performance than the elsnb model, which performed best on the same dataset in previous research. however, the method of &quot;enhancement&quot; is not clearly explained in the original description. therefore, it is unknown whether this model is the correct implementation of the original design of the lsnn model. this implementation of the lsnn model proved its potential. however, the fit process could be further extended with the method of early stopping.",cognitive biases; imbalanced data; artificial neural network; spam,https://insis.vse.cz/zp/73714,1623,True,0.9189422726631165,True,0.95,True
2021,Využití volně dostupných projektů pro sestavení integrované chytré domácnosti,marhan michal,https://vskp.vse.cz/82019_vyuziti-volne-dostupnych-projektu-pro-sestaveni-integrovane-chytre-domacnosti?type=Bakal%C3%A1%C5%99sk%C3%A1+pr%C3%A1ce&year=2021&page=30,use of open source projects to build an integrated smart home,english,fakulta informatiky a statistiky,aplikovaná informatika,katedra systémové analýzy,12. 12. 2020,28. 1. 2021,"the consumer market with smart home products is expanding. to create a smart home in the past was to use expensive proprietary solutions from smart home integrators. today, many smart home devices can be bought in ordinary stores with computer electronics. but this market is still in its infancy. there is no single unified protocol, which would be used across all those available devices. the goal defined by the author in this paper is to create a design of a smart home hub using open-source software, which can even today integrate devices across different protocols. paper is split into theoretical and practice part. it starts with an overview of the current state of the market, then explaining the chosen methodology of system design. the analysis phase looks into details of protocols used in smart home devices, their available open-source implementations, and other software needed to make the smart home hub work. based on the analysis the paper proceeds into the practical part when a proposal of the solution is devised, and every chosen component of the system is described. in the next phase, every step in the implementation process is documented. the final phase then tests the implementation against testing scenarios, which verifies readiness of the implementation and its ability to be moved into a production environment. the system successfully passes the test phase and is already used in one running instance. the result is a local smart home hub, which integrates devices across protocols and allows their control from one unified graphic interface.",containers; internet of things; interoperability; open source; integration; smart home,https://insis.vse.cz/zp/71823,1576,False,0.7028883099555969,False,0.0,False
2022,Předpověď výnosu pšenice pomocí regresního přístupu,kuzdas vojtěch,https://vskp.vse.cz/86254_predpoved-vynosu-psenice-pomoci-regresniho-pristupu?type=Bakal%C3%A1%C5%99sk%C3%A1+pr%C3%A1ce&year=2022&page=6,wheat yield prediction using a regression approach,english,fakulta informatiky a statistiky,aplikovaná informatika,katedra statistiky a pravděpodobnosti,8. 5. 2022,24. 6. 2022,"this bachelor thesis explores the applicability of linear and tree regression models in predicting the true yield of wheat crops in the south moravian and ústí nad labem regions in the czech republic. thesis pairs sentinel-2 satellite imagery with single-season post-harvest yield data into a 10x10m grid. yield data are split into percentile and manually filtered datasets. two vegetation indices, ndvi and evi, are extracted from satellite imagery and used as the primary independent variables in model training. some models use additional post-harvest variables as independent variables. simple and multiple linear regression and tree regression with bagging are done to predict the true yield. all models across all datasets are compared using standard r2 and mse statistics. models based on heavily filtered datasets achieve r2 values in the upper range of 0.92. models based on less filtered datasets achieve r2 values of 0.65. however, the industrial applicability of constructed models requires further discussion due to potential issues (e.g. overfitting). tree-based models showed better performance over linear regression models. although perceived promisingly, tree-bagging did not prove to be effective on the given data.",yield prediction; remote sensing; precision agriculture; linear regression; regression trees; bagging,https://insis.vse.cz/zp/79596,1234,False,0.726551353931427,False,0.0,False
2022,Investiční rozhodování za podmínek nejistoty na základě internetových doporučení,šumníková alžběta,https://vskp.vse.cz/86338_investicni-rozhodovani-za-podminek-nejistoty-na-zaklade-internetovych-doporuceni?type=Bakal%C3%A1%C5%99sk%C3%A1+pr%C3%A1ce&year=2022&page=6,investment decision making under uncertainty based on internet recommendations,english,fakulta informatiky a statistiky,kvantitativní metody v ekonomice,katedra ekonometrie,8. 5. 2022,23. 6. 2022,"the main objective of this bachelor thesis is to make investment portfolios based on recommendations from internet news servers. due to high inflation, there is a growing interest in investing even among less involved people, who often follow such suggestions. firstly, articles are analyzed, and investment instruments are selected. next, based on the methodology, a statistical overview of historical data is shown, and the simulated values of portfolio returns and risks are generated according to the relevant probability distribution, taking into account regular investment. the resulting parameters are used to optimize a portfolio. the portfolio is composed of disparate investment instruments, such as investment into water, gold, agricultural land, stocks of cez company, and stocks of a fond following the s&p 500 index. the results show that online articles provide a helpful overview but not appropriate recommendations. according to news portals and optimization, investing in agricultural land is the most advantageous.",internet news server;  ivestment decision making; markowitz model;  monte carlo simulation; portfolio optimalization,https://insis.vse.cz/zp/76883,1033,False,0.6870110034942627,False,0.0,False
2022,Modelování volatility směnných kurzů v Latinské Americe pomocí EGARCH s body zlomů,lagos cordova marcial javier,https://vskp.vse.cz/86532_modelovani-volatility-smennych-kurzu-v-latinske-americe-pomoci-egarch-s-body-zlomu?type=Bakal%C3%A1%C5%99sk%C3%A1+pr%C3%A1ce&year=2022&page=6,modelling exchange rates volatility in latinamerica using egarch with points of change,english,fakulta informatiky a statistiky,kvantitativní metody v ekonomice,katedra ekonometrie,9. 5. 2022,23. 6. 2022,"this work aims to investigate whether major political events like corruption scandals, presidential impeachment processes or general elections could be associated to points of structural breaks in the volatility of exchange rates in latin america. those break points are endogenously determined using the iterated cumulated sums of squares (icss) algorithm proposed by inclan and tiao (1994).   since exchange rates are asset prices, finding the effect of shocks in the volatility persistence is important for building accurate asset pricing models. then, because it better captures asymmetric characteristics of volatility, the egarch(1,1) model introduced by nelson (1991) is used to evaluate whether persistence in volatility is reduced after accounting for those breakpoints.",iccs algorithm; egarch models; persistence in volatility,https://insis.vse.cz/zp/74819,779,False,0.5139387249946594,False,0.0,False
2022,Návrh testovacích případů pro mobilní aplikaci Pilulka,zhiliaeva alesia,https://vskp.vse.cz/86287_navrh-testovacich-pripadu-pro-mobilni-aplikaci-pilulka?type=Bakal%C3%A1%C5%99sk%C3%A1+pr%C3%A1ce&year=2022&page=6,"test case design for the mobile application pilulka ""pill""",english,fakulta informatiky a statistiky,aplikovaná informatika,katedra informačních technologií,8. 5. 2022,23. 6. 2022,the aim of this thesis is to design test cases for the mobile application pilulka - an online pharmacy solution. the thesis is divided into seven chapters. the first chapter deals with software requirements. the second chapter summarizes test analysis methods and the design of test cases. the third chapter details the use of test management tools and outlines one of them. the fourth chapter is dedicated to the presentation of the tested mobile application and the analysis of selected requirements. the fifth chapter focuses on test cases using specification-based techniques. the sixth chapter contains the design of test cases derived from the functional requirements listed in this work. the last chapter demonstrates the practical application of test cases inside of the test management tool.,test cases; software requirements; mobile application testing; mobile application,https://insis.vse.cz/zp/78962,800,False,0.6997734904289246,False,0.0,False
2022,Sémiotická analýza filmu Parazit,mozharova anastasiia,https://vskp.vse.cz/86533_semioticka-analyza-filmu-parazit?type=Bakal%C3%A1%C5%99sk%C3%A1+pr%C3%A1ce&year=2022&page=7,semiotic analysis of the film parasite,english,fakulta informatiky a statistiky,aplikovaná informatika,katedra multimédií,9. 5. 2022,22. 6. 2022,"this bachelor thesis is focused on the semiotic analysis of the film parasite and aims to identify unique signs of the film that reflect south korean culture and inequality in society while simultaneously analyzing their role in the plot. the purpose of the work is to analyze the demonstration of different classes in society and to understand if the cultural signs of the film have an impact on the perception of the essence of the film - who is the parasite? the work is divided into two parts, a theoretical part, and a practical part. the theoretical part focuses on the basic semiotic theories and their further development in cinema, as well as explaining the main aspects that make up the film, such as structure and characters. in the practical part, there is an outline of south korean cinema, the analysis of bong joon-ho’s film culture, and the film parasite itself, more specifically the plot, the characters, and finally the signs themselves. the final part of the work answers the question of the director&apos;s originality and talks about the reason for his success, as well as the possible impact on the future of cinema.",film; sign; semiotic analysis; class; inequality,https://insis.vse.cz/zp/74569,1139,False,0.5489431619644165,False,0.0,False
2022,Schopnost postprodukce obrazu nahradit analogové fotoaparáty,tanuilov maksim,https://vskp.vse.cz/86524_schopnost-postprodukce-obrazu-nahradit-analogove-fotoaparaty?type=Bakal%C3%A1%C5%99sk%C3%A1+pr%C3%A1ce&year=2022&page=8,the ability of image postproduction to replace analogue cameras,english,fakulta informatiky a statistiky,aplikovaná informatika,katedra multimédií,9. 5. 2022,21. 6. 2022,"the popularity of the desire to achieve a “film look” has been rising for a couple of years. the goal of the thesis is to develop a workflow that helps to emulate this look by using raw files, a digital camera and dehancer plugin. the thesis describes the characteristics of film stocks and raw digital files that play a key role in the emulation process. to test the hy-pothesis that the post-production process could emulate the look of film stocks upon the condition of using specific software and workflow, an experiment has been conducted. se-ries of digital and filo photographs have been shot in the studio lighting conditions. to re-ceive objective results, two same lenses and the same lighting scheme have been used for pictures. the results showed that the developed workflow can emulate the film look, howev-er, it did have some disadvantages caused by software limitations. the main problems in-clude working with colors and shadows. for example, during editing in the color grading section, the midtones also affected the shadows of dark objects. therefore, the dark objects in the digital photo did not match the dark objects in the analog photo. this suggests that film look can be emulated. on the other hand, a universal preset cannot be developed to suit all the lighting conditions and compositions",emulation; film look; software; dehancer,https://insis.vse.cz/zp/76095,1318,False,0.7435388565063477,False,0.0,False
2022,Technická analýza obchodu s kryptoměnami,drobil jakub,https://vskp.vse.cz/86305_technicka-analyza-obchodu-s-kryptomenami?type=Bakal%C3%A1%C5%99sk%C3%A1+pr%C3%A1ce&year=2022&page=9,cryptocurrency trading - technical analysis,english,fakulta informatiky a statistiky,aplikovaná informatika,katedra informačního a znalostního inženýrství,8. 5. 2022,17. 6. 2022,"the subject of the bachelor’s thesis &quot;cryptocurrency trading - technical analysis&quot; is the analysis of the cryptocurrency space, how it is different to the traditional markets trading and exchange wise and what tools and indicators of technical analysis to use when trading it. the bachelor’s thesis focuses not only on all of that but also on creating trading strategies based on the tools of technical analysis, using manual and automatic backtesting.  the aim of the work is to acquaint the reader with the basics of blockchain and how it is maintained, the cryptocurrency space and a few cryptocurrencies, the wide differences between cryptocurrency and traditional markets and technical analysis and its application to develop a suitable and ideally profitable trading strategy using various indicators. the data for the analysis is obtained from available internet sources that provide price development of cryptocurrencie together with technical indicators. the obtained values are processed in either the ms excel program or tradingview strategy terminal, where the basic mathematical and logical functions are used. the data is then evaluated using the trading strategy and the optimal variant is found and back tested on new data to verify its profitability.",cryptocurrency; financial markets; bitcoin; technical analysis; trading; trading strategy; blockchain; backtesting,https://insis.vse.cz/zp/78708,1277,False,0.7632030248641968,False,0.0,False
2022,High-utility action rules mining,hrudková kateřina,https://vskp.vse.cz/86519_high-utility-action-rules-mining?type=Bakal%C3%A1%C5%99sk%C3%A1+pr%C3%A1ce&year=2022&page=10,high-utility action rules mining,english,fakulta informatiky a statistiky,aplikovaná informatika,katedra informačního a znalostního inženýrství,9. 5. 2022,16. 6. 2022,"high utility action rules mining is a data mining task, that aims to generate such rules, that would provide the user with the information of which actions might be the most profitable. to the author’s best knowledge, no open-source solution for high utility action rules mining has not been proposed to date. the aim of this paper is to present reader with brief background of the key topics (frequent itemset mining, action rules mining, high utility itemset mining) related to the high utility action rules mining and actionrules package and to implement a practical solution in python, to the existing actionrules package framework, that would enable high utility action rules mining. the chapters on frequent itemset mining, action rules mining, high utility itemset mining and part of the last chapter on high action rules mining were processed by the method of narrative literature search. through the method of analysis, the workflow of actionrules package was observed and on the insights of the analysis the aimed high utility action rules mining solution has been implemented to the existing actionrules framework.",high utility action rules mining; action rules; high utility itemset mining; python,https://insis.vse.cz/zp/76216,1125,False,0.5738054513931274,False,0.0,False
2022,Implementation of artifical intelligence services in cloud call centre agent panel,kovářík adam,https://vskp.vse.cz/85187_implementation-of-artifical-intelligence-services-in-cloud-call-centre-agent-panel?type=Bakal%C3%A1%C5%99sk%C3%A1+pr%C3%A1ce&year=2022&page=32,implementation of artifical intelligence services in cloud call centre agent panel,english,fakulta informatiky a statistiky,aplikovaná informatika,katedra informačních technologií,13. 12. 2021,1. 2. 2022,"most call centers currently require expensive hardware and office spaces to operate. also, agents who answer customers&apos; questions must manually search for answers in files commonly scattered across multiple locations. this prolongs answering time which, resulting in longer calls and thus larger waiting queues. with new cloud technologies, it is possible to create a call centre hosted purely in cloud environment that can be used in production without the need for any specialized hardware. therefore agents can work remotely since they can answer calls via web browsers or even via microsoft teams.  our department has already created a proof of concept web application whose main purpose is to see if agents may receive real-time article recommendations, but it also supports call answering, real-time call transcription, and translation. this solution is working, but to provide article suggestions, it must use amazon kendra, which is too expensive to be used only for this purpose.  since then, amazon has released a new solution called amazon connect wisdom which is interconnected with amazon connect, and it can recommend faq articles during calls based on caller&apos;s questions. the goal of this thesis is to create proof of concept web application that has the same features as the application described earlier, but it must use amazon connect wisdom instead of amazon kendra. it should also compare amazon to other cloud providers and evaluate if amazon is the right provider.  the thesis has two parts. in the first part, nlp and its history are introduced. multiple nlp cloud providers are evaluated, and an ideal provider is recommended.  the second part focuses on building a web application for agents. firstly, the architecture of the overall solution is described. after that follow chapters regarding infrastructure set up, cloud services configuration. the next chapter describes back-end and front-end code. then review from cloud expert matthias schardt is noted and the thesis ends up with a conclusion if this poc has been successful and recommendations if the project shall continue above poc.",ai; amazon; cloud contact center,https://insis.vse.cz/zp/75963,2127,False,0.6709118485450745,True,0.92,True
2022,Budování agilního dashboardu pro měření týmové produktivity,loseeva iuliia,https://vskp.vse.cz/85198_budovani-agilniho-dashboardu-pro-mereni-tymove-produktivity?type=Bakal%C3%A1%C5%99sk%C3%A1+pr%C3%A1ce&year=2022&page=32,building agile team productivity dashboard,english,fakulta informatiky a statistiky,aplikovaná informatika,katedra informačních technologií,13. 12. 2021,31. 1. 2022,"the topic of this thesis is a jira atlassian as a project productivity tool, which aim is to formalize agile technology and adapt it to the precise company requirements. the jira allows users to create their projects and to track the progress in agile or kanban methodology. the work describes various tools, which could be use for this purpose and reason why the jira could be selected as a main one in the company. the purpose of this work was to create various charts using jira, which could show a team or department productivity and help to improve day-to-day work in the company. the whole process of dashboard creation was described in the practical part. there are arguments why dashboard should be created in jira. to detect which charts should be created the short survey among the team was provided. after the dashboard was created it was presented to the team and the feedback was collected of how they evaluate created dashboard and what benefits do they see. in the theoretical part the principle of the agile methodology is described. the analysis of the productivity tracking software market is provided, and jira tool is described in the details.",jira; agile; productivity; dashboard; scrum; kanban,https://insis.vse.cz/zp/71998,1163,False,0.7043411135673523,False,0.0,False
2022,Automatizované testování mobilních her,beliavskaia daria,https://vskp.vse.cz/85193_automatizovane-testovani-mobilnich-her?type=Bakal%C3%A1%C5%99sk%C3%A1+pr%C3%A1ce&year=2022&page=33,automated mobile game testing,english,fakulta informatiky a statistiky,aplikovaná informatika,katedra informačních technologií,13. 12. 2021,26. 1. 2022,"the game industry has grown significantly in the last decade, particularly the mobile gaming segment, which now accounts for more than half of all applications available in the app stores. it is no surprise that there is a huge demand for higher-quality mobile game application. manual testing is still a common practise among mobile game developers, however today there is a range of test automation tools on the market, that can minimize the testing time and improve game quality and production time. the main goal of this bachelor thesis is to compare test automation tools for mobile games by evaluating and implementing them into the game prototype. each tool was evaluated according to the defined sets of criteria including test script development. based on the results, the most relevant testing tool was selected.",mobile games; game testing; test automation; object recognition,https://insis.vse.cz/zp/75399,822,False,0.7122366428375244,False,0.0,False
2022,Aplikace komunikační inovace do jiného státu,onikova karolina,https://vskp.vse.cz/85157_aplikace-komunikacni-inovace-do-jineho-statu?type=Bakal%C3%A1%C5%99sk%C3%A1+pr%C3%A1ce&year=2022&page=33,applying a communication innovation to another country,english,fakulta informatiky a statistiky,aplikovaná informatika,katedra multimédií,12. 12. 2021,19. 1. 2022,"this paper analyses the brand and communication of the russian company aviasales, targeting young people (generation z). the aim of the paper is to analyse elements of communication that can be successfully transferred to another market context and used to improve the marketing communication of a particular company - student agency.  first of all, the generations targeted by such communication elements are considered. next, the marketing and communication strategies, their components, and trends in modern communication, including brand authenticity, are described. this is followed by a description of the steps involved in creating a communication strategy. in the practical part, a study of a russian company is conducted on the basis of these data. next, the czech company is selected and the elements that can be used are identified.  the result of the work is a proposal, not an end result - nevertheless, it can be used to create long-term brand communication.",travel segment; communication; innovation,https://insis.vse.cz/zp/76381,972,False,0.5583613514900208,False,0.0,False
2023,Ekonometrická analýza crowdfundingových kampaní,papush maria,https://vskp.vse.cz/88349_ekonometricka-analyza-crowdfundingovych-kampani?type=Bakal%C3%A1%C5%99sk%C3%A1+pr%C3%A1ce&year=2023&page=5,econometric analysis of crowdfunding campaigns,english,fakulta informatiky a statistiky,kvantitativní metody v ekonomice,katedra ekonometrie,29. 6. 2023,24. 8. 2023,"abstract crowdfunding is one of the most interesting and inspiring topics of recent times and is only getting more popular as time goes by. studying it allows you to better understand the incentive that arouse public interest, make assumptions about how information is transmitted and wonder as far is possible to predict the behavior of the crowd. not surprisingly, there are more and more studies exploring the subject. this paper provides a brief overview of articles on the topic of crowdfunding, mainly in terms of the factors that affect the success of the project. in the practical part of the current bachelor thesis, there is a study of the key success factors of the project based on the data of the two most famous reward-based crowdfunding platforms kickstarter and indiegogo. the practical part of this thesis is building lenear regression and logistic regression models using the datasets from the above mentioned platforms. mentioned models can predict the success of the project to a certain extent.",crowdfunding; lenear regression; logistic regression,https://insis.vse.cz/zp/72250,1015,False,0.5465422868728638,False,0.0,False
2023,Vlastnosti generalized autoregressive score modelů na konečných vzorcích,švrčina jan,https://vskp.vse.cz/90998_vlastnosti-generalized-autoregressive-score-modelu-na-konecnych-vzorcich?type=Bakal%C3%A1%C5%99sk%C3%A1+pr%C3%A1ce&year=2023&page=5,finite sample properties of generalized autoregressive score models,english,fakulta informatiky a statistiky,kvantitativní metody v ekonomice,katedra ekonometrie,29. 6. 2023,24. 8. 2023,"this thesis discusses the finite sample properties of generalized autoregressive score models (gas). it provides a theoretical background to the area of time-varying parameter models as well as a description of gas model and its properties. it shows the connection between gas models and previously developed time-varying parameter models such as garch, adc, and adi models. furthermore, it presents a simulation study of 29700 samples for the estimated gas models on simulated data, using the r package gasmodel, across various probability distributions and model parameters. the simulation study results then empirically show the consistency and precision increasing with the sample size of some of the presented gas models. the cases where the models have not converged are outlined, and a possible explanation is discussed.",generalized autoregressive score models; time varying parameter models; times series analysis; simulation study,https://insis.vse.cz/zp/77772,827,False,0.6652157306671143,False,0.0,False
2023,Návrh firemní identity na příkladu kavárny,kozlova olesia,https://vskp.vse.cz/89637_navrh-firemni-identity-na-prikladu-kavarny?type=Bakal%C3%A1%C5%99sk%C3%A1+pr%C3%A1ce&year=2023&page=5,developing brand identity blueprint for a café bar,english,fakulta informatiky a statistiky,aplikovaná informatika,katedra multimédií,8. 5. 2023,23. 8. 2023,"this bachelor thesis deals with the creation of a corporate identity for the coffee place.the aim of this bachelor thesis is the creation of a functional brand design with a detailed description using the example of a particular specific company. the theoretical part describes what it takes to create a successful brand identity, how corporate design, culture and style are related and how this affects the product and the perception of the company. it also dedicates to outputting various types of logos, typography, and color palettes. at the beginning of the practical part, there is a thorough negotiation with the client to clearly define the goal and the expected results. thereafter, the selected company, its current corporate identity and last but not least its competitors are described and analyzed in detail. it continues with the application of the knowledge from the theoretical part using the example of creating a completely unique brand identity. in the end, it displays the results in the form of a brand presentation.",corporate identity; branding; graphic design ; logo,https://insis.vse.cz/zp/83196,1037,False,0.6336988210678101,False,0.0,False
2023,Implementation of Master Data Management Solution in a Trade Industry Company,pitko dariia,https://vskp.vse.cz/89594_implementation-of-master-data-management-solution-in-a-trade-industry-company?type=Bakal%C3%A1%C5%99sk%C3%A1+pr%C3%A1ce&year=2023&page=5,implementation of master data management solution in a trade industry company,english,fakulta informatiky a statistiky,aplikovaná informatika,katedra informačních technologií,21. 8. 2023,23. 8. 2023,"the primary focus of this work is the concept of implementation of master data management  solutions in developing companies. first part of this work contains background information provided that aims to familiarize with fundamental terminology associated with master data management and reference data management , as well as their interrelations. and it also highlights the importance and impact of mdm on business operations.the second part of this work includes an analysis of the current situation of the company and proposed steps for the implementation of mdm solution on the example of a particular company.   the main goal of this work is to determine the specific steps and processes necessary for the implementation of a mdm solution. the work can serve as a practical guide for determining the processes at each step of the implementation of mdm / rdm solutions for small companies that plan to grow and develop both in the international arena and in the domestic market, because for this it is necessary to effectively and efficiently develop data management within companies , as the amount of data grows together with the expansion of the company.  the work relies on information and publications provided by various articles, company’s internal documentation and  the experiences gained during the implementation of the project will also serve as valuable inputs.",master and reference data management; mdm tools; strategy of implementation; mdm/rdm requirements,,1379,False,0.6503018140792847,False,0.0,False
2023,UX Redesign aplikace Goodreads z pohledu vybraného uživatelského scénáře,holotova dariia,https://vskp.vse.cz/89496_ux-redesign-aplikace-goodreads-z-pohledu-vybraneho-uzivatelskeho-scenare?type=Bakal%C3%A1%C5%99sk%C3%A1+pr%C3%A1ce&year=2023&page=6,ux redesign aplikace goodreads z pohledu vybraného uživatelského scénáře,english,fakulta informatiky a statistiky,aplikovaná informatika,katedra multimédií,6. 5. 2023,22. 8. 2023,"this bachelor&apos;s thesis presents a ux redesign of the goodreads application (version 2022) for specific user scenarios, each representing different types of users and their specific needs and expectations from the goodreads app. the first scenario represents a user who is interested in tracking their reading progress, while the second scenario represents a user who is interested in organizing their physical book collection. the third scenario represents a user who is interested in discovering new books and authors through social media. the primary objective was to improve the user experience of the application and make it more user-friendly. the theoretical part of the thesis discusses the concepts of ux and ui design, their differences, and the design process, various applications that designers use in their work. furthermore, this work reviews the history of goodreads, its direct and indirect competition, and the challenges it faces. the practical part of the study followed a structured approach to design and refine the user experience of the goodreads app. it started with wireframing, selecting a grid, and preparing the components, colors, and fonts to be used. screens were then designed for each scenario, and proposed ux changes were made based on user feedback and basic ux principles. the resulting design was compared to the current goodreads app, and an interactive prototype was created to demonstrate how it would work in practice.  in addition to redesign of the goodreads application, this bachelor&apos;s thesis also includes user experience testing. a total of six users participated in the testing process, providing feedback on the proposed ux changes and suggesting additional improvements. the output of the work includes three user flows in figma, along with an interactive prototype. these prototypes serve as a visual representation of the new design, which can be used to gather feedback from potential users. overall, the thesis aimed to provide an analysis of the goodreads application and develop a user experience redesign that would improve the overall user experience.",social reading; reading application; usability; prototyping; user interface; user experience; user scenarios; redesign; mobile application,https://insis.vse.cz/zp/79473,2120,False,0.5463026165962219,False,0.99,False
2023,AUTONOMNÍ VOZIDLA A RISK MANAGEMENT KRITICKÝCH DOPRAVNÍCH SITUACÍ,oravský daniel,https://vskp.vse.cz/89755_autonomni-vozidla-a-risk-management-kritickych-dopravnich-situaci?type=Bakal%C3%A1%C5%99sk%C3%A1+pr%C3%A1ce&year=2023&page=6,autonomous vehicles and risk management for critical traffic situations,english,fakulta informatiky a statistiky,aplikovaná informatika,katedra systémové analýzy,9. 5. 2023,23. 6. 2023,"this thesis aims to describe, assess, and manage the risks for critical traffic situations associated with the deployment of autonomous vehicles (avs), touching on the application of insights from information and communication technology (ict) process and risk management. the study will explore the ethics of autonomous vehicles to evaluate the impact of traffic collision situations. furthermore, quantitative research will be conducted to investigate respondents&apos; attitudes towards the risk of the described traffic situations associated with av deployment.",autonomous driving; artificial inteligence; critical traffic situations,https://insis.vse.cz/zp/79845,565,False,0.6631832122802734,False,0.0,False
2023,Gacha systém ve free-to-play hrách,světlíková hana,https://vskp.vse.cz/89660_gacha-system-ve-free-to-play-hrach?type=Bakal%C3%A1%C5%99sk%C3%A1+pr%C3%A1ce&year=2023&page=6,gacha system in free-to-play games,english,fakulta informatiky a statistiky,aplikovaná informatika,katedra ekonometrie,8. 5. 2023,22. 6. 2023,"this bachelor thesis deals with gacha mechanism, compares three different gacha systems in free-to-play games, and takes a deeper look into the arknights gacha system whose simulation this work aims to create. thus the main aim of this thesis is to create a complex simulation in the programming language python and analyze its predictions and results. this thesis also describes the rules and common design practices used in games implementing this system and puts the simulation of one specific system into the context of other existing implementations, the history of gacha and similar random rewards mechanisms, and a probability theory. in the chapter dedicated to probability theory, this thesis explains related terms such as stochastic process, stochastic simulation, markov process, markov property, and markov chain monte carlo method, which is a method in a modified form used in the design and execution of the simulation. the results show how essential the implementation of pity is for the whole system. the results also state the prediction that the average resources needed to acquire the highest rarity reward are 48,000, meaning approximately four months&apos; worth of standard game rewards or premium currency worth of 200\$. this thesis can be used both by the players who want to gain a better understanding of the gacha system, as well as the developers of games implementing the said system. it also puts current knowledge regarding legislation, regulations, and the psychological aspect of this phenomenon into a new perspective.",simulation; probability; prediction; game of chance; python,https://insis.vse.cz/zp/82896,1554,False,0.5228016972541809,False,0.0,False
2023,NFT a jejich možné použití v fyzickém světě,preobraženskij alexej,https://vskp.vse.cz/89464_nft-a-jejich-mozne-pouziti-v-fyzickem-svete?type=Bakal%C3%A1%C5%99sk%C3%A1+pr%C3%A1ce&year=2023&page=6,nfts and their possible use in the physical world,english,fakulta informatiky a statistiky,aplikovaná informatika,katedra ekonometrie,5. 5. 2023,22. 6. 2023,"in 2021, the sudden surge in popularity of non-fungible tokens, commonly referred to as  nfts, caused a revolution in the digital art industry and gained a widespread media  attention. however, this hype resulted in unrealistic expectations that proved  unsustainable, leading to a decline in interest and widespread perception that nfts were a dead-end. despite this, new applications continue to emerge, drawing in fresh audiences.  this thesis aims to explore unconventional perspectives and propose potential use cases  that demonstrate how non-fungible tokens can enhance our physical world and improve our  lives in the future.",nft; blockchain; cryptocurrency; use cases; non-fungible token; nft market,https://insis.vse.cz/zp/82529,633,False,0.5195518136024475,False,0.0,False
2023,Videoherní skiny jako alternativní investiční instrument: případ Counter Strike: Global Offensive,půta pavel,https://vskp.vse.cz/89441_videoherni-skiny-jako-alternativni-investicni-instrument-pripad-counter-strike-global-offensive?type=Bakal%C3%A1%C5%99sk%C3%A1+pr%C3%A1ce&year=2023&page=7,videogame skins as an alternative investment instrument: the case of counter strike: global offensive,english,fakulta informatiky a statistiky,aplikovaná informatika,katedra ekonometrie,3. 5. 2023,22. 6. 2023,"this thesis deals with the game counter strike: global offensive in which there are collectable in-game items. the research consists of testing whether there is a relationship in the development of price of cs:go items, specifically the loot box operation breakout case and the redline field-tested skin on ak-47 weapon, and the development of price of more traditional investment instruments. the examined period is 2020, in which the investment instruments were more volatile. using the least square method, two regression analysis models are created from the data to further examine the price dependencies of the selected investment instruments. in the first model, in case of the operation breakout case, there is no indication of any relationship in the price development with other investment instruments. in the second model, in the examination of the ak-47 redline a dependency in price development with bitcoin is found. however, this does not refute the results of the first model in any way, but rather confirms the necessity of researching the potential of individual items and not as a whole. thus, the thesis shows the potential of cs:go items entering an investors riskier portfolio as an alternative investment instrument, as these collectables might have a unique development in price, but on the other hand, they are still not researched in detail.",investment instruments; market price; alternative investing; csgo; skins,https://insis.vse.cz/zp/82706,1366,False,0.698974072933197,False,0.67,False
2023,Sociální média Instagram jako nástroj řízení vztahů se zákazníky,tomchanka maria,https://vskp.vse.cz/89729_socialni-media-instagram-jako-nastroj-rizeni-vztahu-se-zakazniky?type=Bakal%C3%A1%C5%99sk%C3%A1+pr%C3%A1ce&year=2023&page=7,instagram social media as a customer relationship management tool,english,fakulta informatiky a statistiky,aplikovaná informatika,katedra systémové analýzy,8. 5. 2023,21. 6. 2023,"this bachelor&apos;s thesis explores using instagram for businesses as a supportive tool for customer relationship management. the main objective of the bachelor thesis is to find out if instagram is a platform that can help companies to build and maintain relationships with their customers. the other aim is to describe the features of instagram and how they can be used for customer relationship management (crm) purposes. the bachelor thesis is divided into two parts: theoretical and practical. the theoretical part defines crm discusses crm systems and compares social crm to traditional crm. this part also discusses the importance of customer engagement and loyalty in social crm. besides that, it discusses different types of social media platforms and their benefits for businesses. the theoretical part is finished with an analysis of instagram&apos;s functionality and business usage. the practical part is an analysis of a questionnaire survey that examines the impact of business activities on instagram social media on customer behavior. ultimately, the thesis provides insights into how businesses can effectively use instagram as a platform for managing customer relations.",social crm; social media; instagram; crm,https://insis.vse.cz/zp/75006,1190,False,0.6451169848442078,False,0.95,False
2023,Architektura Datových Proudů,maksimenko ilia,https://vskp.vse.cz/89494_architektura-datovych-proudu?type=Bakal%C3%A1%C5%99sk%C3%A1+pr%C3%A1ce&year=2023&page=8,data streaming architecture,english,fakulta informatiky a statistiky,aplikovaná informatika,katedra informačních technologií,6. 5. 2023,19. 6. 2023,"the proliferation of big data and the emergence of real-time applications have created a need for scalable and efficient data processing systems that can handle large volumes of data in real-time. the development of the internet of things is taking this to another level altogether; now data can come to us in real time, and our goal, in turn, will be to transfer it without loss, in the right order, and at the highest possible speed. in this thesis, author proposes a general data streaming architecture. the theoretical part focuses on outlining the fundamental ideas required to comprehend the topics addressed in the thesis. the primary part of this bachelor&apos;s thesis delves into the research surrounding data streaming architecture through a systematic literature review. the author begins by choosing relevant papers and subsequently analyzes them to emphasize the components of the proposed architecture present in each examined paper. using scientific methods, such as generalization and synthesis, the author identifies common components in the architectures reviewed. finally, based on the identified components, the author puts forth a proposal of a general data streaming architecture, with each component of the architecture being commented for a more in-depth overview.",data stream; stream processing; systematic literature review; data streaming architecture,https://insis.vse.cz/zp/80788,1289,False,0.6959071755409241,False,0.0,False
2023,Edge Computing: Architektura a aplikace,šlambor jakub,https://vskp.vse.cz/89662_edge-computing-architektura-a-aplikace?type=Bakal%C3%A1%C5%99sk%C3%A1+pr%C3%A1ce&year=2023&page=9,edge computing: architecture and applications,english,fakulta informatiky a statistiky,aplikovaná informatika,katedra informačních technologií,8. 5. 2023,16. 6. 2023,"this thesis examines the topic of edge computing. the aim of this thesis is to investigate the application of edge computing to different application domains such as iot, healthcare, etc., and to develop a prototype application that allows the comparison of edge computing solutions with the traditional approach. edge computing is first defined and categorized, the development and trends in the field are shown, and the hardware and software of a typical edge computer are described, as is the security of edge systems. a case study in a startup herohero is conducted, and an application prototype using cloudflare workers is deployed to production, fulfilling the aim and answering the questions of what the purpose and business case characteristics of using edge computing are and what are the benefits and drawbacks of utilizing the edge for the deployment of a web application. the methods of processing used to achieve the goal of the thesis include the analysis of scientific documents and internet sources, comparison of the traditional and edge approach, and gathering metrics to assess them both.",edge computing; cdn; serverless; web application; distributed systems,https://insis.vse.cz/zp/82869,1107,False,0.6561825275421143,False,0.0,False
2023,Ekonometrická analýza vztahu mezi vakcinací proti COVID-19 a výskytem nemoci,shaibaneev roman,https://vskp.vse.cz/89628_ekonometricka-analyza-vztahu-mezi-vakcinaci-proti-covid-19-a-vyskytem-nemoci?type=Bakal%C3%A1%C5%99sk%C3%A1+pr%C3%A1ce&year=2023&page=12,econometric analysis of the relationship between vaccination against covid-19 and its occurrence in population,english,fakulta informatiky a statistiky,matematické metody v ekonomii,katedra ekonometrie,8. 5. 2023,14. 6. 2023,"over the whole covid-19 pandemic the efficiency of vaccination was doubted by a large group of people. it was even thought that they are more harmful for people who took them. in this bachelor thesis i try to investigate the relationship between given vaccine doses and two variables - the ratio of deaths and recovered from the decease and its death rate. i try to estimate this effects by developing an ardl model to deal with autocorrelation. i found a significantly negative total effect of the vaccines on the variables, whereas a more detailed analysis showed negative and significant effect on the variables from vaccine doses given in recent 3 months and also 9 months up until year. also, logarithmic transformation does not create drastic changes in estimates having a little better residuals.",covid-19; ardl model; autocorrelation; stationarity,https://insis.vse.cz/zp/83328,803,False,0.5785258412361145,False,0.0,False
2023,Statistická analýza situací ve sportu,virba viliam,https://vskp.vse.cz/89610_statisticka-analyza-situaci-ve-sportu?type=Bakal%C3%A1%C5%99sk%C3%A1+pr%C3%A1ce&year=2023&page=13,statistical analysis of situations in sport,english,fakulta informatiky a statistiky,matematické metody v ekonomii,katedra statistiky a pravděpodobnosti,8. 5. 2023,14. 6. 2023,bachelor thesis offers insight into the specific sport situations from the statistic perspective that is possible due to availability of large amount well structured data that measure many aspects of the games. every situation is present in american football and data are exclu- sively sourced from national football league since 2000. american football as a sport is introduced followed by dataset description. after the league itself and dataset is described three hypotheses are formulated. first is trying to show how aggressive tactics could conse- quently lead to losing in tight games. second hypothesis looks at the frequent event that is taking a timeout before opposing team is trying to score an important points by kicking a field goal. last third hypothesis is trying to measure effect of stadium altitude on distance that is possible to be kicked by punter. hypotheses are evaluated by statistical hypotheses testing after data are processed in desirable condition,american football; sport statistics; nfl; hypothesis testing; sport analytics; data driven decision making,https://insis.vse.cz/zp/83567,978,False,0.7278515696525574,False,0.0,False
2023,"Vliv basketbalových statistik na výhru zápasu: Komparace české NBL, Euroligy a NBA",srp štěpán,https://vskp.vse.cz/89550_vliv-basketbalovych-statistik-na-vyhru-zapasu-komparace-ceske-nbl-euroligy-a-nba?type=Bakal%C3%A1%C5%99sk%C3%A1+pr%C3%A1ce&year=2023&page=14,"the impact of basketball statistics on winning a game: comparison of czech nbl, euroleague and nba",english,fakulta informatiky a statistiky,matematické metody v ekonomii,katedra ekonometrie,7. 5. 2023,14. 6. 2023,"this thesis uses logistic regression to analyse which basic basketball statistics are important in determining the outcome of a game. the thesis compares six seasons of the czech national basketball league (nbl), euroleague, and the nba, both in the regular season and playoff, using only basic box score statistics or their derivatives. the created models were based on three different sets of predictors: the first set contained only offensive/defensive efficiency rating, the next set consisted of the so-called four factors, and the last one fitted ordinary statistics obtainable directly from box scores. the results suggest that efficient shooting, turnovers, and rebounding are among the most important factors to winning games in all leagues, with each league differing in which factors are more important. in the nba, there was a larger emphasis on efficient shooting, the 3-point shot was more important than in other leagues, with an apparent upward trend over time. the czech nbl and euroleague tend to be more strategically oriented, emphasizing turnovers and rebounds more than in the nba. additionally, the european leagues showed less difference between playoff and regular season, while in the nba, the difference in play style between the two was larger. in the nba playoff, the game becomes more similar to euroleague and czech basketball, with a greater emphasis on rebounding, steals, and turnovers.",comparasion; basketball; logistic regression; basketball statistics,https://insis.vse.cz/zp/82695,1420,False,0.6235992312431335,False,0.99,False
2023,Agricultural Production and Climate Change,kolomieiets sofiia,https://vskp.vse.cz/89527_agricultural-production-and-climate-change?type=Bakal%C3%A1%C5%99sk%C3%A1+pr%C3%A1ce&year=2023&page=16,agricultural production and climate change,english,fakulta informatiky a statistiky,kvantitativní metody v ekonomice,katedra statistiky a pravděpodobnosti,7. 5. 2023,12. 6. 2023,"modern civilisation faces a two-fold challenge regarding food security: ensuring sufficient food supply for the growing population and tackling hunger in the poorest parts of the world. on top of that, climate change is becoming more tangible and poses a potential threat to meeting food security targets in the future. these factors motivated the investigation of agricultural and climatic indicators in this thesis. specifically, the analysis was focused on the cases of two countries, the netherlands and tanzania, which were chosen as representatives of the two tails of the development ladder. the main goal of this thesis is to provide a picture of the past development of agricultural and climatic variables. the thesis can be divided into two parts. in the agricultural part, the focus is on agricultural output growth and the role of productivity. the method of agricultural growth decomposition developed by the usda is used, and the analysis is performed on the data set of international agricultural indicators published by the usda. in the second part, two climatic indicators are analysed: average temperatures and total precipitation. the data from era5 reanalysis is used for this purpose. descriptive techniques and methods for time series modelling are used to identify the extent of the changes that occurred over the studied period. the upwards shifts in the temperatures were found in both countries, while precipitation was found to have decreased in tanzania. the findings in this thesis provide the basis for further research on the relationships between agricultural and climatic variables.",agriculture; tfp; productivity; climate change; time series,https://insis.vse.cz/zp/83405,1615,False,0.5185208320617676,False,0.0,False
2023,Analýza volatility cen na trzích se zemním plynem a ropou,komarov vladimir,https://vskp.vse.cz/89486_analyza-volatility-cen-na-trzich-se-zemnim-plynem-a-ropou?type=Bakal%C3%A1%C5%99sk%C3%A1+pr%C3%A1ce&year=2023&page=16,analysis of price volatility in natural gas and crude oil markets,english,fakulta informatiky a statistiky,kvantitativní metody v ekonomice,katedra statistiky a pravděpodobnosti,6. 5. 2023,12. 6. 2023,"the present study aims to examine the return volatility of futures market prices for natural gas and crude oil during the time period of 2010-2023. it provides a comprehensive overview of the global natural gas and crude oil markets, as well as the european union markets, highlighting the factors that contribute to the high volatility observed in these markets, such as supply and demand issues, political instability, and governance influences. to achieve the objectives, three different types of garch models, namely classic garch, gjr-garch, and egarch models, are employed for analysis and prediction. the primary aim of employ- ing these models is to identify the best fit for the selected commodities using the maximum likelihood function and mse statistic. the analysis indicates that the crude oil market is best fitted with a egarch model, while the garch model is the best fit for the natural gas market. furthermore, the paper offers a brief introduction to risk management, and based on the best fitting models for each time series, the value at risk (var) statistic is calculated and estimated.",garch models; natural gas price; crude oil price; volatility prediction,https://insis.vse.cz/zp/83053,1109,False,0.5147987604141235,False,0.0,False
2023,Od statického k dynamickému oceňování: Potenciál využití Monte Carlo simulace v modelu Diskontovaných peněžních toků,burian matěj,https://vskp.vse.cz/89567_od-statickeho-k-dynamickemu-ocenovani-potencial-vyuziti-monte-carlo-simulace-v-modelu-diskontovanych-peneznich-toku?type=Bakal%C3%A1%C5%99sk%C3%A1+pr%C3%A1ce&year=2023&page=17,from static to dynamic valution: unlocking the potential of monte carlo simulations for discounted cash flow model,english,fakulta informatiky a statistiky,matematické metody v ekonomii,katedra ekonometrie,7. 5. 2023,12. 6. 2023,"the thesis explores the use of monte carlo simulation to improve the reliability of the dcf method, which is commonly used in business valuation. the object of the valuation is skoda auto, the largest car manufacturer in the czech republic. the theoretical part of the thesis explains the fundamental concepts of valuation and underlines some limitations of the deterministic approach of the dcf methodology. monte carlo simulation is introduced as a tool to approach the variability of model parameters and as a potential tool for generating a range of possible outcomes. in the practical part, the classical dcf model of skoda is explained, and the monte carlo simulation is incorporated into the model using r, the statistical programming language. the simulation produces a sampling distribution of enterprise value probabilities, which, in turn, helps to identify the 95% confidence intervals of the final value. different scenarios assigned varying probabilities were also tested during the monte carlo simulation. the analysis of the results contains measures of central tendency, variability, and shape, as well as the kernel density estimate. in addition, these findings are further assessed through a finance sensitivity analysis, which aims to identify the most critical components of the entire model. specifically, the sensitivity analysis revealed that the ebitda margin is the most critical variable. in summary, the monte carlo simulation produced a range of enterprise value between 92 €mm and 487 €mm, with an average value of 297 €mm.",valuation; dcf; intrinsic value; cash flow; monte carlo; enterprise value; probability distribution,https://insis.vse.cz/zp/81181,1553,False,0.5058054327964783,False,0.0,False
2023,Development of a documentation generating application for .NET libraries,akopyan denis,https://vskp.vse.cz/88304_development-of-a-documentation-generating-application-for-net-libraries?type=Bakal%C3%A1%C5%99sk%C3%A1+pr%C3%A1ce&year=2023&page=34,vývoj aplikace pro generování dokumentace .net knihoven,english,fakulta informatiky a statistiky,aplikovaná informatika,katedra informačních technologií,11. 12. 2022,30. 1. 2023,"this thesis aims to research and develop a documentation-generating application for .net libraries. the main objective was to create a tool for .net developers that want to extract source code documentation and export it into their desired format while keeping the application extensible, cross-platform, and easy to use.  the theoretical part of the thesis shall cover the development planning and the expected result of the project.  the empirical part of the thesis illustrates the exact process of development. designing a decoupled project structure had the most attention dedicated to it.  the expected result of this thesis project is a working cross-platform and open-source application that can generate documentation from .net libraries and is extensible via plugins.",development; application; generating; documentation; libraries; .net; dotnet,https://insis.vse.cz/zp/79632,777,False,0.7338083386421204,False,0.0,False
2023,Vývoj technických video návodů s využitím Triple Diamond modelu,manukian anna,https://vskp.vse.cz/88309_vyvoj-technickych-video-navodu-s-vyuzitim-triple-diamond-modelu?type=Bakal%C3%A1%C5%99sk%C3%A1+pr%C3%A1ce&year=2023&page=34,development of technical video tutorials using the triple diamond design process model,english,fakulta informatiky a statistiky,aplikovaná informatika,katedra multimédií,11. 12. 2022,26. 1. 2023,"this bachelor’s thesis is focused on product development using the triple diamond design process model. the developed product is primarily aimed at vše students and describes the steps involved in accessing vše vpn and nas while also giving an overview of those technologies. the chosen media is a video with a voice-over.  the theoretical part is concentrated on human-centred design and its best practices, different frameworks and tools and particularly explores the double and triple diamond design process models. then a typology of educational video is discussed, followed by an explanation of cognitive overload, multimedia usage in video and accessibility. finally, the theoretical part covers informational technology essential for product development.  the practical part describes project development using the triple diamond design process model from the early stages which include research, problem definition and solution discovery to concept validation and development consisting of production and post-production.  the outcome of this project is a set of 10 accessible videos about the vše vpn and kme nas which proved to solve all the users’ problems discovered in this thesis. after watching the produced videos, users performed two times better on a test on the school vpn and nas. the needed services were accessed faster than expected and the videos were sufficient for solving the few errors which occurred during the testing. the user testing participants generally agreed or strongly agreed with positive statements about the videos and described them as informative, useful, understandable, concise, engaging, and visually appealing.  finally, advice on distribution and possible topics for other manuals is provided.",accessible video; hcd; vpn; triple diamond design process model; educational video,https://insis.vse.cz/zp/78919,1742,False,0.7084720134735107,False,0.0,False
2024,Návrh prototypu pro mobilní aplikaci Setkávač podle principů návrhu UI/UX,salnikova elina,https://vskp.vse.cz/91681_navrh-prototypu-pro-mobilni-aplikaci-setkavac-podle-principu-navrhu-ui-ux?type=Bakal%C3%A1%C5%99sk%C3%A1+pr%C3%A1ce&year=2024&page=1,prototype design for the setkávač mobile application according to the ui/ux design principles,english,fakulta informatiky a statistiky,aplikovaná informatika,katedra informačních technologií,4. 9. 2024,18. 11. 2024,"this work is devoted to designing a user-friendly mobile application ‘setkávač’ that plans  in-person meet-ups. the study&apos;s first section examines the fundamental ideas of ui/ux  design theory, placing special emphasis on user-centred design. the theoretical framework  offers a thorough guidance for design thinking process of this application.  based on the design principles of ux and ui, the prototype of the mobile application is  created during the practical stage of this work. the main aim was to design an interactive  prototype in figma program that meets the application’s purposes and user requirements. the whole documentation of the iterative design process, from conception to prototype,  offers insights into decision-making and problem-solving techniques. user testing and  feedback loops are essential components of development cycle that guarantee that the  prototype not only complies with design principles but also reflects end users&apos; expectations  and preferences.",user experience ; user interface ; prototype,https://insis.vse.cz/zp/86478,997,False,0.5239576697349548,False,0.0,False
2024,Velké jazykové modely jako nástroj pro extrakci rysů z textu,balek vojtěch,https://vskp.vse.cz/94318_velke-jazykove-modely-jako-nastroj-pro-extrakci-rysu-z-textu?type=Bakal%C3%A1%C5%99sk%C3%A1+pr%C3%A1ce&year=2024&page=5,large language models as a tool for generating high-level features for text documents,english,fakulta informatiky a statistiky,data analytics,katedra informačního a znalostního inženýrství,27. 6. 2024,22. 8. 2024,"this bachelor thesis investigates the usability of large language models (llms) for feature generation from text, evaluating whether llms can produce interpretable and usable features for machine-learning tasks. the study uses two labeled datasets: the cord-19 corpus, consisting of coronavirus research articles with binary labels for high and low citation count, and a dataset of scientific articles from czech research institutions, with article scores assigned according to the m17+ methodology (ranging from 1 to 5).  seven categorical features were generated for each dataset using the llama2 language model. these features were used to train models for binary and ordinal classification tasks. performance was compared to baseline naive models and models trained on term frequency-inverse document frequency (tf-idf) and sentence embeddings.  in the cord-19 dataset, models using llm-generated features achieved an accuracy of 59.8%, outperforming the baseline dummy classifier (50.2%) but falling short of tf-idf (62.5%) and sentence embeddings (62.5%). combining llm-generated features with article abstract and title texts using the autogluon platform achieved the highest accuracy (66.5%), followed by combining tf-idf terms and llm-generated features (65.3%).  for the m17+ dataset, the model using llm-generated features attained an accuracy of 37%, surpassing the naive classifier (18%) and tf-idf (34.3%). sentence embeddings achieved the highest accuracy (40.8%), while the autogluon model trained on abstract and title text achieved 39.5%.  llm-generated features enhanced the predictive performance of models and demonstrated higher interpretability compared to traditional bibliometric features. however, a notable limitation is the computational cost; generating features for small datasets (2000-3000 samples) requires tens of hours on high-end hardware.",classification; feature importance; feature extraction; interpretability; large language models,https://insis.vse.cz/zp/86858,1875,True,0.8615050315856934,True,0.97,True
2024,Vliv ceny elektřiny na inflaci v ČR: Analýza ARDL,zhanbussinova zhanel,https://vskp.vse.cz/92919_vliv-ceny-elektriny-na-inflaci-v-cr-analyza-ardl?type=Bakal%C3%A1%C5%99sk%C3%A1+pr%C3%A1ce&year=2024&page=5,the impact of electricity price on inflation in the czech republic: an ardl analysis,english,fakulta informatiky a statistiky,matematické metody v ekonomii,katedra ekonometrie,6. 5. 2024,22. 8. 2024,"this research aims to find out whether or how electricity prices affect the consumer price index (cpi) in the czech republic. the impact can be significant because electricity has a certain weight in the cpi basket and the increase in its price is directly reflected in the higher cost of living. in addition, the transmission effect may lead to price increases in various electricity-dependent sectors, which will further increase cpi. in addition, rising electricity costs can affect production costs and consumer behaviour, which can lead to price adjustments and changes in the relative prices of goods and services within the cpi basket. this thesis adopts the autoregressive distributed lag (ardl) approach to cointegration originally formulated by pesaran (19) and later refined by pesaran, shin, and smith (20) with the bounds testing approach. while the final model shows progress in addressing autocorrelation and the overall significance, the impact of electricity prices on inflation remains unclear. further exploration using alternative specifications, additional variables, or data transformations could be necessary to strengthen the model and confirm the electricity price effect.",consumer price index; ardl; electricity prices,https://insis.vse.cz/zp/87324,1197,False,0.5537142753601074,False,0.0,False
2024,Využití metod strojového učení pro predikci výsledků fotbalových zápasů,fedorík martin,https://vskp.vse.cz/94311_vyuziti-metod-strojoveho-uceni-pro-predikci-vysledku-fotbalovych-zapasu?type=Bakal%C3%A1%C5%99sk%C3%A1+pr%C3%A1ce&year=2024&page=5,utilization of machine learning methods for predicting the outcomes of football matches,english,fakulta informatiky a statistiky,data analytics,katedra ekonometrie,27. 6. 2024,22. 8. 2024,"this bachelor’s thesis investigates the use of machine learning to predict football match outcomes, aiming to achieve high predictive accuracy and compare it with bookmakers’ accuracy. a secondary goal was to evaluate the potential profitability of the models. we utilized a novel comprehensive dataset with detailed statistics, including expected goals (xg), to enhance predictive accuracy. the dataset covered seven english premier league (epl) seasons, with the 2023/2024 season as the test set. extensive feature engineering was conducted, resulting in 134 features, of which 52 were selected using recursive feature elimination with xgboost. hyperparameters for xgboost and random forest models were optimized through time-based cross-validation and random search. the models achieved an accuracy of 58.4% (random forest) and 58.6% (xgboost) on 370 matches from the 2023/2024 epl season, closely matching the bookmakers’ accuracy of 58.9%. a significant shortcoming was the models’ inability to predict draws, likely due to class imbalance and the use of accuracy as the evaluation metric for feature selection and hyperparameter tuning. theoretical profitability was assessed by betting a constant amount based on predictions, but it was not statistically significant at the 5% level. future research could incorporate player-level features, dive deeper into the problem of draw predictions and explore more sophisticated betting strategies to achieve statistically significant profits.",machine learning; football; match prediction; betting; sports,https://insis.vse.cz/zp/87164,1492,True,0.901728093624115,True,0.95,True
2024,Analýza a návrh business intelligence řešení pro firmu DC 1 s. r. o. (Design club 1),kalousek richard,https://vskp.vse.cz/94378_analyza-a-navrh-business-intelligence-reseni-pro-firmu-dc-1-s-r-o-design-club-1?type=Bakal%C3%A1%C5%99sk%C3%A1+pr%C3%A1ce&year=2024&page=5,analysis and creation of a bi application for design club s. r. o,english,fakulta informatiky a statistiky,aplikovaná informatika,katedra informačních technologií,27. 6. 2024,21. 8. 2024,"this bachelor&apos;s thesis focuses on the company analysis of design club s.r.o. and the subsequent creation of a business intelligence (bi) solution for the company. the main objective of the thesis is to provide the company with tools that will streamline its operations, improve data handling, and support decision-making processes. design club s.r.o. specializes in the sale of bathroom and interior components and design. the company&apos;s main operations primarily cover the czech and slovak markets, with occasional sales to other central european countries. to achieve the intended results, this bachelor’s thesis comprises of several key steps. the first, theoretical part of the thesis analyzes the company from both internal and external perspectives. the internal analysis includes mapping and assessing the company’s structure, activities, information system, and the state of its business processes. the external analysis focuses on the company&apos;s market position and subsequently market conditions as a whole. this part is concluded with a swot analysis, which identifies the strengths, weaknesses, opportunities, and threats of the company. subsequently, the company was analyzed from a bi perspective, which included an analysis of the company’s bi requirements and relevant bi factors. based on these analyses and in line with the management&apos;s requirements, key performance indicators (kpis) were defined. then, individual dimensions forming the basis of the dimensional model were defined. this model was then used to create the bi solution. completing these steps led to the development of a finished bi application that provides reports and dashboards displaying processed analytical data outputs of the company. design club s.r.o. evaluated the results as high-quality and useful and is interested in incorporating this solution into its business processes to improve efficiency",analysis; business intelligence (bi); customer relationship management (crm); dashboard; data; dimensional modeling; information system (is); key performance indicator (kpi); business processes; swot analysis; data visualization; enterprise resource planning (erp),https://insis.vse.cz/zp/82741,1911,False,0.7086485624313354,False,0.0,False
2024,Modifiakce materiálů 3D objektů na webu,dušek václav,https://vskp.vse.cz/94363_modifiakce-materialu-3d-objektu-na-webu?type=Bakal%C3%A1%C5%99sk%C3%A1+pr%C3%A1ce&year=2024&page=6,material modification of 3d objects on the web,english,fakulta informatiky a statistiky,multimédia v ekonomické praxi,katedra multimédií,27. 6. 2024,20. 8. 2024,"the main goal of this thesis was to solve the visible texture repetition in 3d graphics on the web. for the rendering of the 3d scene is used webgl as the main technology for 3d graphics on the web. the webgl is handled with the help of the three.js framework. the texture repetition is solved by the implementation of several techniques. these techniques are distance tiling and micro and macro variation. the texture bombing was not implemented because it is not suitable for some types of textures. the material, that will not have noticeable texture repetition, was created by inheriting properties from meshstandardmaterial, which comes with three.js. the mentioned techniques were implemented with the use of glsl as a part of vertex shader and fragment shader. these parts of glsl codes were injected into the original glsl code that was inherited from meshstandardmaterial. the last step was to add new properties to the material to be able to control variables in the glsl code. this results in material, that hides the texture repetition by adding more visual variation to the final look.",javascript; 3d graphic; glsl; shader; webgl; three.js,https://insis.vse.cz/zp/84827,1098,False,0.7523195743560791,False,0.0,False
2024,Koncept a marketingová strategie nového produktu značky Starbucks,kadesnikova mariia,https://vskp.vse.cz/93003_koncept-a-marketingova-strategie-noveho-produktu-znacky-starbucks?type=Bakal%C3%A1%C5%99sk%C3%A1+pr%C3%A1ce&year=2024&page=6,concept and marketing strategy for a new starbucks brand product,english,fakulta informatiky a statistiky,multimédia v ekonomické praxi,katedra multimédií,6. 5. 2024,27. 6. 2024,"in the modern world, to maintain competitiveness, companies are forced to constantly introduce innovations to the market, including creating new products. the main goal of this thesis is to create a concept for a new starbucks product and a marketing strategy for its eventual release. the author uses various methodologies, including literature research, analysis, observation, and a quantitative questionnaire. based on literature research, the theoretical part covers the basic definition of marketing, including international marketing, new product development process, and marketing strategy theory. in the practical part, the thesis provides an overview of the starbucks company and brand and delves into the author&apos;s observation - personal experiences working with the company. the primary focus lies in formulating and testing the idea of a new product, specifically a line of coffee drinks named &quot;taste of the place,&quot; tailored to reflect local cultural differences and coffee traditions. the concept&apos;s viability is evaluated by conducting theory-based analysis and market research. they showed that the concept is unique and can help stand out from the competition. then, to test the concept, the author conducted a quantitative questionnaire among starbucks visitors, including regular customers, residents of the czech republic, and tourists from different countries. the survey results show promising interest among respondents.  subsequently, a comprehensive marketing strategy was developed, starting with a market analysis that confirmed the product&apos;s potential. next, the product&apos;s target audience, positioning, and marketing goals were determined. alongside the marketing strategy, a marketing mix was formulated.",marketing; marketing strategy; starbucks,https://insis.vse.cz/zp/84360,1760,False,0.500940203666687,False,0.0,False
2024,Implementace udržitelných marketingových metod na českém trhu,rašková adéla,https://vskp.vse.cz/92713_implementace-udrzitelnych-marketingovych-metod-na-ceskem-trhu?type=Bakal%C3%A1%C5%99sk%C3%A1+pr%C3%A1ce&year=2024&page=6,implementation of sustainable marketing methods within the context of the czech market,english,fakulta informatiky a statistiky,multimédia v ekonomické praxi,katedra multimédií,2. 5. 2024,27. 6. 2024,"escalating climate change, lack of waste regulation, social issues and clothing waste pollution pose grave threats to our planet, people, and future. this crisis impacts everyone, demanding action across all sectors and industries. this bachelor thesis presents aspects in which marketers can integrate more sustainable and responsible actions into their strategies and evaluates the operational aspects of the czech brand with sustainability goals – freshlabels. to assess the effectiveness of freshlabels&apos; sustainability efforts, this thesis analyses the brand&apos;s behaviour using the &apos;revisiting the 7 ps through responsible sustainable marketing lens&apos; framework. additionally, the target customer group&apos;s perspective is incorporated through interviews. in conclusion the research revealed customers and companies focus predominantly on sustainability of the sold product rather than the comprehensive sustainable marketing practises. interviews further reveal that while freshlabels actively promotes its commitment to sustainable fashion within the czech republic, their primary emphasis remains on ensuring the profitability and longevity of the company. true sustainable marketing principles advocate for placing environmental and social concerns on par with profit for an optimal outcome.",sustainable marketing; greenwashing; transparency; sustainability,https://insis.vse.cz/zp/86985,1319,False,0.510074257850647,False,0.0,False
2024,Analýza kvality zápasů ve hře League of Legends napříč denní dobou,peer vlastimil,https://vskp.vse.cz/91688_analyza-kvality-zapasu-ve-hre-league-of-legends-napric-denni-dobou?type=Bakal%C3%A1%C5%99sk%C3%A1+pr%C3%A1ce&year=2024&page=7,analysis of match quality in league of legends across different times of the day,english,fakulta informatiky a statistiky,matematické metody v ekonomii,katedra ekonometrie,29. 4. 2024,19. 6. 2024,"this bachelor thesis investigates the influence of time of day on match quality in league of legends, a popular online game. it explores how players&apos; performance in league of legends varies across different time periods, considering factors like circadian rhythms and daily activities. by leveraging riot games&apos; api, the study analyzes a large dataset and implements lasso regression, to predict match quality. the results show significant variations in gameplay quality, with early afternoon being optimal for the most competitive games, and late-night to early morning sessions showing decreased quality. this study provides insights for players looking for optimal gaming times and contributes to understanding online gaming behavior in relation to time of day.",league of legends; lasso regression; match quality analysis; fundamental gameplay variables; chronobiology in gaming; time of day effects; performance variability,https://insis.vse.cz/zp/84803,774,False,0.5292830467224121,False,0.0,False
2024,Implementace Matrix serveru,belčenko alexandr,https://vskp.vse.cz/93004_implementace-matrix-serveru?type=Bakal%C3%A1%C5%99sk%C3%A1+pr%C3%A1ce&year=2024&page=8,matrix server implementation,english,fakulta informatiky a statistiky,aplikovaná informatika,katedra multimédií,6. 5. 2024,19. 6. 2024,"this work is primarily concerned with the open-source standard matrix, developed in 2014 and popularised in the late 2010s, headed mainly by the matrix.org foundation as well as their for-profit cousin element. the goal is to set up and configure a working instance of synapse, one of the most popular servers built on the standard.  initially, the matrix protocol is introduced with a basic description of its history and fundamental concepts needed to understand its function. then, there is a general overview of the current state of development of several matrix servers and clients, as well as some uses of the protocol notable for either their scale or the organisation behind them. next comes the summary of the historical and current competition associated with the field.  finally, there is a detailed description of the synapse implementation itself, meant for a reader to potentially be able to follow it as an example for their own projects. this also includes basic statistics about the server&apos;s performance, requirements, and possible future improvements.",open-source; federation; synapse; docker; matrix; home-server,https://insis.vse.cz/zp/83723,1074,False,0.7225699424743652,False,0.0,False
2024,Analysis of winning streaks in the NHL,virba tomáš,https://vskp.vse.cz/89730_analysis-of-winning-streaks-in-the-nhl?type=Bakal%C3%A1%C5%99sk%C3%A1+pr%C3%A1ce&year=2024&page=9,analysis of winning streaks in the nhl,english,fakulta informatiky a statistiky,matematické metody v ekonomii,katedra ekonometrie,6. 5. 2024,18. 6. 2024,"the thesis is devoted to winning streaks in the national hockey league. analysis is implemented on the data from all regular-season games beginning in the 2013/14 season until 2018/19.  primary argument is that the investigation is only conducted on regular season statistics to avoid playoff bias. inquiry revolves around whether a predictive and analytical methodology can accurately forecast the continuation or termination of a winning streak in the nhl. descriptive statistics is used to find and estimate the factors affecting the continuation of an ongoing winning streak. application of linear and logistic regression with fixed effects, mixed effects, cross-random effects, and discrete-time survival analysis is used to discover possible statistical dependencies between variables and create the most precise predictive models. the results suggest that with a rising number of won matches in the time of streak provided by the team, the probability of losing the next game decreases. a statistically significant difference between the probabilities of losing the next match between long and short winning streaks has been proven by rejecting the hypothesis about the same probabilities over the number of consecutive matches won by the observed team. models used in the thesis did not provide sufficient prediction rates to beat the odds of bookmakers with an accuracy rate of 56% by the most accurate model provided.",analysis; mixed models regression; nhl; predictive modeling; winning streaks,https://insis.vse.cz/zp/84553,1427,False,0.7425436973571777,False,0.0,False
2024,Vývoj programu pro optimalizaci portfolia cenných papírů na ruském akciovém trhu,timoshevskiy danil,https://vskp.vse.cz/92992_vyvoj-programu-pro-optimalizaci-portfolia-cennych-papiru-na-ruskem-akciovem-trhu?type=Bakal%C3%A1%C5%99sk%C3%A1+pr%C3%A1ce&year=2024&page=9,development of a program for optimizing a securities portfolio on the russian stock market,english,fakulta informatiky a statistiky,aplikovaná informatika,katedra ekonometrie,6. 5. 2024,18. 6. 2024,"effective portfolio management is paramount for investors seeking to achieve optimal returns while managing risks in the dynamic environment of the russian stock market. this thesis addresses to develop a python program for identifying the optimal portfolio of russian stocks using two widely known models: mean-variance and mean-semivariance model.   the research is divided into two main parts. in the initial phase, we delve into the modern portfolio theory, identifying key parameters and methodologies for portfolio optimization. this includes an exploration of risk-return trade-offs, performance evaluation metrics, and optimization techniques. subsequently, the focus shifts to the practical implementation of the theoretical concepts discussed. we outline the process of retrieving real-time data using api and leveraging python programming to formulate and solve the mathematical model for portfolio optimization. through empirical analysis and comparative studies, we evaluate the effectiveness of the developed python program in constructing optimized portfolios tailored to the russian stock market. in the concluding section, we synthesize the findings, highlight the practical implications of the research, and provide recommendations for investors seeking to leverage technology-driven solutions for portfolio management.",mean-semivariance model; efficient frontier; markowitz model; mean-variance model; russian stocks,https://insis.vse.cz/zp/85010,1337,False,0.7622301578521729,False,0.0,False
2024,Speciální vlastnosti a datové toky souhlasu vlastníka pro zavedení optické sítě,lukl marek,https://vskp.vse.cz/92867_specialni-vlastnosti-a-datove-toky-souhlasu-vlastnika-pro-zavedeni-opticke-site?type=Bakal%C3%A1%C5%99sk%C3%A1+pr%C3%A1ce&year=2024&page=10,special features and data streams of owner consent for fibre roll-out,english,fakulta informatiky a statistiky,aplikovaná informatika,katedra informačních technologií,5. 5. 2024,18. 6. 2024,"this thesis aims to investigate the approvals for fiber optic connections by a telecom company, specifically focusing on connections to basements versus connections to living units. the primary objective is to quantify and compare the number of approvals granted for these two types of connections. this new data will be then used for calculations of requested kpis. in addition to this analysis, the study will provide a comprehensive overview of the telecommunications industry, with a specific emphasis on fiber optic technology in germany, its evolution, and comparison to previous technologies. the research will also explore the data journey through various layers within a data architecture, including acquisition, staging, the core layer, and ultimately the export layer. furthermore, the thesis will involve the development and implementation of a daily updated dashboard to visualize and present the findings effectively. this project will contribute to advancing knowledge in the analysis of telecommunications data and demonstrate practical applications of data processing and visualization techniques in a real-world industry context.",data layering; fiber optic; data architecture; owner consent for fiber roll-out,https://insis.vse.cz/zp/85346,1147,False,0.744892418384552,False,0.0,False
2024,Návrh přístupného webového rozhraní uživatele,kirichuk ekaterina,https://vskp.vse.cz/92778_navrh-pristupneho-weboveho-rozhrani-uzivatele?type=Bakal%C3%A1%C5%99sk%C3%A1+pr%C3%A1ce&year=2024&page=11,designing an accesible user interface web platform,english,fakulta informatiky a statistiky,multimédia v ekonomické praxi,katedra multimédií,5. 5. 2024,14. 6. 2024,"the primary goal of this bachelor&apos;s thesis is to develop an accessible low-fidelity prototype of the make web application by integrating principles of accessible design and usercentered design, thereby strengthening digital inclusion. this thesis investigates the ux enhancement of accessibility through the development of prototypes designed to support screen readers and keyboard navigation. the theoretical framework examines legislative, ethical, and business considerations of web accessibility, alongside a review of assistive technologies and methodologies for accessibility analysis. the practical segment of the research began with an accessibility audit of the existing make application to identify current features and deficiencies. this audit informed the development of three innovative low-fidelity prototypes: an improved user interface (ui) that facilitates easier navigation within the application&apos;s scenario builder, a customizable accessibility settings window, and a comprehensive list of keyboard shortcuts. these features were designed based on principles discussed in the theoretical part and refined through user feedback. additionally, the study involved user experience testing with five participants, who provided valuable insights and suggestions for further enhancements. the prototypes not only serve as a blueprint for future high-fidelity development but also engage potential users in the iterative design process. overall, this thesis delivers a critical accessibility analysis of the make application and proposes practical solutions to enhance its usability for individuals relying on assistive technologies. the outcomes underscore the importance of inclusive design and usercentered development in creating accessible digital environments.",prototyping; improvements; assistive technology; accessibility,https://insis.vse.cz/zp/87419,1787,False,0.6169678568840027,False,0.0,False
2024,Customizace LLM-specifických modulů v rámci ChatGPT,matveeva aleksandra,https://vskp.vse.cz/92747_customizace-llm-specifickych-modulu-v-ramci-chatgpt?type=Bakal%C3%A1%C5%99sk%C3%A1+pr%C3%A1ce&year=2024&page=13,customization of llm-specific modules within chatgpt,english,fakulta informatiky a statistiky,aplikovaná informatika,katedra informačního a znalostního inženýrství,4. 5. 2024,13. 6. 2024,"the goal of this thesis is to develop two distinct custom versions of chatgpt tailored for specific modules from scratch, and to evaluate whether these customized versions perform better and are easier to use compared to the standard chatgpt. for the evaluation and comparison, experts in relevant fields will be invited to test these large language models and provide their insights. the motivation for this thesis stems from the growing interest in and possibilities for creating customized versions of chatgpt. key considerations include usability, differences from the standard version, and ease of use. additionally, there is a personal interest of the author in determining whether the custom models created will remain useful beyond the completion of this thesis and if they will present any future applications. this thesis is divided into two main sections: theoretical and practical. the theoretical part provides a comprehensive overview and introduction to large language models, describing the specifics of generative pre-trained transformers (gpts). it covers the essential concept of prompts, discussing how they can be effectively utilized by users. additionally, this section describes the complexities of fine-tuning and the principles of rag in the context of these models. the practical part of the thesis describes the development of two distinct custom versions of chatgpt. the first version is designed to assist with creating resumes, while the second is tailored to aid users in preparing for the japanese language proficiency test (jlpt), as well as helping teachers with lesson planning and school-related tasks. this section not only details the creation process but also examines the specific functionalities and applications of each customized version by the experts. in the conclusion of the thesis, the evaluation results of the customized chatgpt were summarized. the conclusion also outlined potential applications for these specialized gpts, suggesting ways they could be effectively integrated into relevant fields to enhance task-specific functionalities and user experiences.",chatgpt; gpts; customization; adaptability; llm,https://insis.vse.cz/zp/86758,2113,False,0.8292519450187683,True,0.99,True
2024,Predikce poptávky po elektřině pomocí strojového učení,bikmukhametov oskar,https://vskp.vse.cz/92792_predikce-poptavky-po-elektrine-pomoci-strojoveho-uceni?type=Bakal%C3%A1%C5%99sk%C3%A1+pr%C3%A1ce&year=2024&page=15,power demand forecasting using machine learning approaches,english,fakulta informatiky a statistiky,aplikovaná informatika,katedra statistiky a pravděpodobnosti,5. 5. 2024,13. 6. 2024,"this thesis explores the application of various machine learning models to power demand forecasting, a crucial component in the efficient management of energy resources. the main goal of this thesis is to introduce the machine learning models used for forecasting power demand and compare those methods. additional goals supporting the main goal are contributing to the optimization of the german energy grid, demonstration of the practical application using real data, and preparation for future research. those goals were fulfilled by using literature and the author’s experience. python programming language was used to implement the whole practical part. the outcome of this thesis is a concise comparison of different models, such as linear regression, xgboost and long short-term memory neural network.",machine learning; xgboost; energy grid; electricity demand forecasting; linear regression; lstm,https://insis.vse.cz/zp/87204,808,True,0.9570905566215515,True,0.95,True
2024,Prozkoumání variant Turingova testu: Hodnocení umělé inteligence a jejího vztahu k lidské inteligenci,utenov aubakir,https://vskp.vse.cz/91703_prozkoumani-variant-turingova-testu-hodnoceni-umele-inteligence-a-jejiho-vztahu-k-lidske-inteligenci?type=Bakal%C3%A1%C5%99sk%C3%A1+pr%C3%A1ce&year=2024&page=17,exploring the variants of the turing test: evaluating artificial intelligence and its relationship to human intelligence,english,fakulta informatiky a statistiky,aplikovaná informatika,katedra systémové analýzy,11. 12. 2023,12. 6. 2024,"this thesis delves into the turing test (tt) and its variants, examining its relevance in the ongoing discourse of artificial and human intelligence. the primary aim is to assess tt variants, evaluate their effectiveness in measuring artificial intelligence (ai) systems&apos; human-like intelligence, and compare this with human intelligence. this involves three steps: first, analyzing different tt versions, focusing on their reliability and the complexity of ai in replicating human intelligence, including the original tt and its modifications. second, exploring human intelligence to establish a clear benchmark for ai comparison. third, comparing similar features of ai tools chatgpt and midjourney with each other and human perception using variants of tt. this thesis aims to contribute to the broader discourse on the nature of intelligence by comparing human and machine intelligence. methodologically, the thesis is divided into theoretical research and practical analysis. the theoretical part, underpinned by a literature review, involves a conceptual analysis of human intelligence for a comparative framework. practically, the study evaluates two ai tools, chatgpt and midjourney, for their demonstration of verbal and visual intelligence aspects related to the tt. these ai tools are subjected to human-operated tests, assessing their creativity and visual perception against human intelligence criteria. in conclusion, the imperfection of tt variants in assessing the presence of human behavior and qualities in ai was shown. the findings offer insights into the current state of ai and its potential trajectory, emphasizing the evolving relationship between human and machine intelligence.",turing test; human intelligence; artificial intelligence,https://insis.vse.cz/zp/82179,1708,False,0.5537325739860535,True,0.97,True
2024,Aplikace vícerozměrných statistických metod pro analýzu fotbalových hráčů,kalashnikov igor,https://vskp.vse.cz/92715_aplikace-vicerozmernych-statistickych-metod-pro-analyzu-fotbalovych-hracu?type=Bakal%C3%A1%C5%99sk%C3%A1+pr%C3%A1ce&year=2024&page=18,application of multivariate statistical methods for football player analysis,english,fakulta informatiky a statistiky,matematické metody v ekonomii,katedra statistiky a pravděpodobnosti,2. 5. 2024,11. 6. 2024,"bachelor thesis is aimed to give an overview, how multivariate statistical methods could be used in football player analysis and decision making by team management departments while considering a player replacement. firstly, principal component analysis is presented as a method for dimension reduction and highlighting most common patterns in player statistics. then, different similarity/dissimilarity metrics applied to transformed data in order to measure, how much players differ from each other. cluster analysis is presented and applied for unionizing players into groups of similar ones. for the better presentation of results, there is a basic shiny app developed and deployed, that has functionality useful as for specialists in analytics in statistics, as for stakeholders in order to get a quick user-friendly overview of possible candidates for player replacement and different trends visualization.",sports statistics; data analysis; shiny app; principal component analysis; football player replacement model; cluster analysis,https://insis.vse.cz/zp/86246,912,False,0.7233657240867615,False,0.0,False
2024,Zajištění dodržování SDLC dokumentace ve velkých podnicích,stonaiev matvii,https://vskp.vse.cz/92746_zajisteni-dodrzovani-sdlc-dokumentace-ve-velkych-podnicich?type=Bakal%C3%A1%C5%99sk%C3%A1+pr%C3%A1ce&year=2024&page=19,ensuring compliance of sdlc documentation within large enterprises,english,fakulta informatiky a statistiky,aplikovaná informatika,katedra systémové analýzy,4. 5. 2024,11. 6. 2024,"this bachelor thesis focuses on ensuring compliance with software development life cycle (sdlc) documentation in large enterprises and managing the risks associated with sdlc. the theoretical part of the project analyses in detail the key concepts associated with the sdlc and highlights the importance of documentation management in the software development process. it also discusses various sdlc methodologies and models that are in use in practice and can be implemented in large enterprises to ensure the quality and efficiency of software development. the literature research in the theoretical part will discuss the importance and benefits of documentation management within sdlc and provide an overview of relevant standards and norms in this area. it will also explore the obstacles and challenges that large enterprises may face when implementing an sdlc and the strategies that can be used to overcome them. the practical part will focus on the application of risk management methods to name the causes and consequences associated with the different level and quality of documentation produced during the sdlc. appropriate qualitative research methods (interviewing, observation, experiment and document analysis...) will be used to develop the risk matrix. emphasis will be placed on interviewing at least ten qualified professionals working in the field of software development and risk management. the interviews will be conducted to cover key aspects of the sdlc documentation and will focus, in particular, on issues related to risk identification and management. during the interviews, respondents will be asked to evaluate current practices in their companies and to identify areas for improvement. based on the qualitative research with interviews and thematic analysis methods conducted, key conclusions will be drawn and key risks associated with ensuring compliance with sdlc documentation will be identified. these findings will be used to develop a mitigation plan that will include specific actions and strategies to eliminate or reduce the identified risks. an appropriate framework (e.g. nist, cobit 5, iso 31 000...) will be selected to address the risks associated with sdlc documentation and the recommendations in the recommended literature and appropriate methods for this area will be followed when conducting qualitative research. in the final part, the student will carry out an evaluation of the theoretical and practical part, including a discussion of his own conclusions.",documentation management; quality assurance ; software development life cycle; qualitative research; risk management,https://insis.vse.cz/zp/87070,2510,False,0.5547773241996765,False,0.0,False
2024,Velké jazykové modely (LLM): Zhodnocení kvality generovaného textu pomocí dat specifických pro danou úlohu,caninec michal,https://vskp.vse.cz/93007_velke-jazykove-modely-llm-zhodnoceni-kvality-generovaneho-textu-pomoci-dat-specifickych-pro-danou-ulohu?type=Bakal%C3%A1%C5%99sk%C3%A1+pr%C3%A1ce&year=2024&page=20,large language models (llms): examining the quality of generated text with task specific data,english,fakulta informatiky a statistiky,aplikovaná informatika,katedra systémové analýzy,6. 5. 2024,11. 6. 2024,"large language models (llms) have emerged as powerful tools for generating human-like text across various applications. this thesis examines the factors influencing the success of llms in text generation tasks, focusing on prompting techniques and the integration of external data within the prompt. the research aims to validate the role of prompt engineering in generating compelling content, particularly in the context of writing marketing newsletters. the thesis begins by introducing the research area of llms and prompting, followed by a literary review of relevant prompt engineering techniques. based on the findings, a set of hypotheses is formulated, outlining the potential impact of these techniques on text generation quality. a controlled experiment is conducted to validate the hypotheses, applying the identified prompting techniques to the task of writing email newsletters with a single llm (gpt-3.5-turbo-1106). the generated newsletters are evaluated using quantitative metrics and a/b/n test campaign to an audience (n=550) of registered attendees of a university event. the results of the experiment confirmed the important role of prompting techniques and external data. on the specific task of newsletter writing, usage of advanced prompting techniques resulted in 15% improvement in click-through rate for a given prompting technique leveraging external data (improving the click-through rate from 4% to 19%), demonstrating prompt engineering and external data play an important role when creating effective texts that engage the audience. techniques leveraging specification of tone of voice, providing additional context data, relevant examples or industry best practice instructions have shown to have the largest impact on the resulting text and achieved superior performance on the measured task compared to a base prompt solution without prompting techniques.",ai; context data; generative ai; model evaluation; text generation; llm; prompt engineering,https://insis.vse.cz/zp/83508,1891,False,0.6105838418006897,True,0.99,True
2024,Identifikace zdrojů rizik pomocí analýzy hlavních komponent,romenskii bogdan,https://vskp.vse.cz/92753_identifikace-zdroju-rizik-pomoci-analyzy-hlavnich-komponent?type=Bakal%C3%A1%C5%99sk%C3%A1+pr%C3%A1ce&year=2024&page=22,identifying risk sources with principal component analysis,english,fakulta informatiky a statistiky,matematické metody v ekonomii,katedra statistiky a pravděpodobnosti,4. 5. 2024,10. 6. 2024,"risk is an important characteristic that plays a huge role in capital markets decision making. thus, correctly determining and specifying the risk sources on a given market may shape investors&apos; decisions. this thesis aims to identify and interpret the sources of financial risk on the german equity market. the goal is achieved using principal component analysis as a tool for building the portfolios that allocate their budgets to distinct uncorrelated risk sources. throughout the research, correlation matrix was compared with the covariance matrix as an underlying foundation for pca, effectively examining if standardising the returns is an important step. it was also revealed that the first five principal components have different interpretations, indicating the underlying equity characteristics that may not be obvious on a first sight, effectively revealing the biggest risk sources on the german equity market. the market component was extracted that accounted for over 30% of the overall variance, representing a big portion of systematic risk. the findings of the study also suggest that normalising the returns might be a beneficial approach.",financial risk; equity markets; principal component analysis,https://insis.vse.cz/zp/86345,1162,False,0.5318326354026794,False,0.0,False
2024,Strojové učení pomocí knihoven Qiskit a squlearn,nechiporuk andrei,https://vskp.vse.cz/92996_strojove-uceni-pomoci-knihoven-qiskit-a-squlearn?type=Bakal%C3%A1%C5%99sk%C3%A1+pr%C3%A1ce&year=2024&page=22,machine learning using libraries qiskit and squlearn,english,fakulta informatiky a statistiky,aplikovaná informatika,katedra informačního a znalostního inženýrství,6. 5. 2024,10. 6. 2024,"the bachelor thesis deals with the use and comparison of quantum and classical machine learning techniques, specifically focusing on classification tasks for the diagnosis of parkinson’s disease. using current frameworks such as qiskit and squlearn for quantum machine learning and scikit-learn for classical approaches. the study assesses how these technologies handle and analyze datasets. the aim is to perform a detailed review and comparison of quantum algorithms versus classical methods, focusing on their performance in classification tasks, specifically with respect to evaluation metrics such as precision, recall and f1-score. the work is structured in different stages, starting with a theoretical introduction to quantum machine learning, followed by data preprocessing and feature selection using mutual information, and the implementation and evaluation of both the support vector machine classifier and its quantum equivalent, the qsvc algorithm. these models are tested on two datasets and the results are compared with previous research. the paper concludes with a discussion of the comparative results, a control test using the oxford parkinson’s disease detection dataset, and an examination of the important attributes and their effect on the predictive performance of the models.",quantum machine learning; classical machine learning; parkinson’s disease; qiskit; squlearn; scikit-learn,https://insis.vse.cz/zp/84704,1301,True,0.9089685678482056,True,0.95,True
2024,Návrh SSBI Řešení pro Hodnocení Výkonnosti Dodavatelů,khachatryan silvi,https://vskp.vse.cz/91669_navrh-ssbi-reseni-pro-hodnoceni-vykonnosti-dodavatelu?type=Bakal%C3%A1%C5%99sk%C3%A1+pr%C3%A1ce&year=2024&page=34,design of ssbi solution for supplier performance assessment,english,fakulta informatiky a statistiky,aplikovaná informatika,katedra informačních technologií,10. 12. 2023,31. 1. 2024,"this bachelor thesis details the design of a self-service business intelligence (ssbi) solution for assessing the performance of it service suppliers in a corporate setting. the primary aim is to automate reporting through a power bi dashboard, which enhances visibility into supplier performance, focusing on adherence to underpinning contracts (ucs). the research begins with a thorough literature review encompassing business intelligence, ssbi, and data visualization, followed by a detailed analysis of the company&apos;s current performance assessment methods and the role of underpinning contracts. the development of the dashboard involved close collaboration with company stakeholders and suppliers, prioritizing data accuracy, functionality, and ease of use. the power bi dashboard was carefully designed to provide a detailed analysis of supplier performance, particularly in relation to incident resolution. having undergone extensive testing, the dashboard is now actively utilized by key users, offering up-to-date insights, and enhancing decision-making processes regarding supplier management.",supplier performance; dashboard; underpinning contract; power bi; ssbi,https://insis.vse.cz/zp/85912,1109,False,0.5055971741676331,False,0.01,False
2024,Ohrožení ICT bezpečnosti firmy lidský faktorem.,karukina aliaksandra,https://vskp.vse.cz/89573_ohrozeni-ict-bezpecnosti-firmy-lidsky-faktorem?type=Bakal%C3%A1%C5%99sk%C3%A1+pr%C3%A1ce&year=2024&page=34,human factor threat to the ict security of a company,english,fakulta informatiky a statistiky,aplikovaná informatika,katedra systémové analýzy,10. 12. 2023,31. 1. 2024,"in the rapidly advancing realm of information and communication technology (ict), this research investigates the often-underestimated threat posed by the human factor to the cybersecurity of companies. as organizations increasingly rely on advanced technological systems to protect sensitive data, vulnerabilities associated with human behaviour become more pronounced. the primary objective is to comprehensively analyze the various dimensions of the human factor as a threat to ict security. employing a multifaceted methodology that encompasses theoretical exploration, empirical research, and data analysis, the study seeks to shed light on specific ways in which human factors pose threats to ict security. the research delves into social engineering, various attack methods employing the human factor, and a comparative analysis of these threats. additionally, it explores the role of the human factor in information security, covering aspects such as awareness, skills, and organizational culture. the empirical part of the study details the research design, methodology validation, and company-specific information used for analysis. discussions synthesize the findings, emphasizing the significance of awareness, experience, negligence, and policies in shaping the human factor&apos;s impact on ict security. in conclusion, the research contributes actionable recommendations for organizations to fortify their defences against human factor threats in the dynamically evolving landscape of ict security.",ict; security; human factor; phishing; cyber-attacks,https://insis.vse.cz/zp/81007,1512,False,0.5455763339996338,False,0.0,False
2025,Comparative Analysis of Active Investment Strategies and the Buy-and-Hold Approach in Cryptocurrencies,bušek jan-jakub,https://vskp.vse.cz/94392_comparative-analysis-of-active-investment-strategies-and-the-buy-and-hold-approach-in-cryptocurrencies?type=Bakal%C3%A1%C5%99sk%C3%A1+pr%C3%A1ce&year=2025&page=4,comparative analysis of active investment strategies and the buy-and-hold approach in cryptocurrencies,english,fakulta informatiky a statistiky,matematické metody v ekonomii,katedra ekonometrie,30. 6. 2025,26. 8. 2025,"the goal of this thesis is to compare simple trading strategies against the basic buy-and-hold approach, where one buys an asset and holds it without selling, mainly focusing on the s\&p 500 and individual stocks. this approach may have been effective in the past, but current turbulent times, marked by global conflicts and widespread fear, raise questions about its viability. is it still possible to find a safe space for our capital while also increasing its value in these market conditions? this thesis aims to address the question and explore the possibilities of active investment strategies while minimizing drawdowns and maximizing the potential return on investment. apart from that, the thesis is focusing on maximizing the opportunities of the increased market volatility by using long and short strategies, in order to profit even in market drawdowns. the methodologies used include basic statistical techniques such as trend following, momentum, and arima. all of these strategies were developed on cryptocurrencies, which are significantly more volatile but also have the potential for significantly higher returns compared to traditional stocks, etfs, or bond markets.",cryptocurrencies; buy-and-hold; arima,,1185,False,0.6601954698562622,False,0.0,False
2025,Mobilní aplikace pro behaviorální řízení rizik spojených s investováním do kryptoměn,korotov nikita,https://vskp.vse.cz/98328_mobilni-aplikace-pro-behavioralni-rizeni-rizik-spojenych-s-investovanim-do-kryptomen?type=Bakal%C3%A1%C5%99sk%C3%A1+pr%C3%A1ce&year=2025&page=4,mobile application for behavioral risk management associated with cryptocurrency investing,english,fakulta informatiky a statistiky,aplikovaná informatika,katedra informačních technologií,27. 6. 2025,25. 8. 2025,"this thesis investigates the influence of behavioural economic biases on decision-making in cryptocurrency trading. drawing on established theories from behavioural finance, specifically prospect theory, developed by nobel laureate daniel kahneman and amos tversky, it identifies how various cognitive biases and heuristics, such as overconfidence, availability heuristics and loss aversion, impact decision-making under uncertainty. these theoretical foundations are directly applied to the context of cryptocurrency trading. to mitigate irrational decision-making, a mobile application was designed and developed to detect and mitigate behavioural biases in real time. the app was evaluated through user testing and thematic analysis, with findings indicating that the system reliably identifies key biases and provides meaningful feedback. however, challenges remain regarding beginner accessibility, coverage of additional biases, and internal security mechanisms. the study concludes by outlining areas for future development, including enhanced user onboarding, expanded feature sets, integration of additional bias detection, and the potential use of ai-driven algorithms for personalised interventions. the results demonstrate the practical value of behavioural economics in supporting safer and more rational participation in cryptocurrency trading.",financial decision-making; risk management; event-driven system; behavioral economics; overconfidence; cognitive biases; daniel kahneman; decision-making; prospect theory; cryptocurrency trading; fomo,https://insis.vse.cz/zp/83950,1358,False,0.6764476895332336,False,0.01,False
2025,Využití Multimodálních Velkých Jazykových Modelu pro analýzu fotografií.,bubnov mykhailo,https://vskp.vse.cz/98153_vyuziti-multimodalnich-velkych-jazykovych-modelu-pro-analyzu-fotografii?type=Bakal%C3%A1%C5%99sk%C3%A1+pr%C3%A1ce&year=2025&page=4,using multimodal large language models for photo analysis,english,fakulta informatiky a statistiky,aplikovaná informatika,katedra informačního a znalostního inženýrství,26. 6. 2025,25. 8. 2025,"this thesis investigates the potential of multimodal large language models to be used as a tool for the official automated passport photo classification, an area where high accuracy is demanded. the publicly available mmllm (multi-modal large language model) llava v1.6 vicuna 13b model was used and adapted using different tactics. the primary objective was to create a model that could classify passport-style photographs according to criteria defined by an international standard. a manually curated dataset was created to serve both as a proof-of-concept and as training material for fine-tuning. in the process of fine-tuning, the learning rate and the number of epochs were systematically varied to achieve the best possible result. the fine-tuned model achieved both f1 and auc of 0.77. these results demonstrate measurable improvements over the base model. further improvements are suggested through enhanced dataset diversity and more granular supervision.",multimodal models; fine-tuning; llava; photo classification; document photos; qlora,https://insis.vse.cz/zp/91370,965,True,0.895695149898529,False,0.05,True
2025,ZACHYCENÍ FOKÁLNÍCH VÍCEROZMĚRNÝCH ÚDAJŮ V LIDSKÝCH A STROJOVÝCH SOUHRNECH FAKT-CHECKŮ,macák matouš,https://vskp.vse.cz/98146_zachyceni-fokalnich-vicerozmernych-udaju-v-lidskych-a-strojovych-souhrnech-fakt-checku?type=Bakal%C3%A1%C5%99sk%C3%A1+pr%C3%A1ce&year=2025&page=5,capture of focal multidimensional data in human and llm-based fact-check summaries,english,fakulta informatiky a statistiky,data analytics,katedra informačního a znalostního inženýrství,26. 6. 2025,21. 8. 2025,"in the contemporary information landscape, marked by a surge in data and the rise of &quot;post-information age&quot; challenges, fact-checking journalism has become essential to combat the spread of disinformation by contextualizing public claims. as the volume of fact-checking articles grows, effective summarization is crucial to make these detailed analyses accessible. however, this presents a significant problem: both human and automated summaries risk omitting critical, multidimensional data—such as time, location, and methodology—thereby undermining the factual grounding and value of the summary.  this thesis addresses this challenge by first defining &quot;focal multidimensional data&quot; within fact-checking articles. it then develops a novel suite of custom metrics designed to measure the capture of this data, including data point coverage, dimensional completeness, and weighted data point coverage. this framework was applied to a curated dataset of 14 climate-related fact-checks from politifact and their corresponding summaries generated by the gpt-4o-mini large language model (llm).  our findings indicate that while llm-generated summaries achieve high semantic coherence (0.86 bertscore f1), they fail to preserve the underlying evidence, capturing only 37% of the most critical, weighted data points. the analysis further reveals that while dimensions like subject and source are well-preserved, summaries frequently omit the precise quantitative value and, most critically, the temporal context of the data.  this study concludes that standard summarization metrics are insufficient for evaluating content in high-stakes, factual domains. the significant gap between semantic fluency and factual integrity highlights the urgent need for dimension-aware evaluation and the development of summarization models explicitly optimized to preserve the dimensional context that underpins factual claims.",summarization; fact-checking; evaluation metrics; multidimensional data,https://insis.vse.cz/zp/91995,1928,False,0.7222641706466675,True,0.98,True
2025,Detekce a interpretabilita argumentačních vzorců ve fact-checkingových reportech pomocí LLMs,mládek richard,https://vskp.vse.cz/98151_detekce-a-interpretabilita-argumentacnich-vzorcu-ve-fact-checkingovych-reportech-pomoci-llms?type=Bakal%C3%A1%C5%99sk%C3%A1+pr%C3%A1ce&year=2025&page=5,detection and explanation of misinformation patterns in fact-checked claims using llms,english,fakulta informatiky a statistiky,data analytics,katedra informačního a znalostního inženýrství,26. 6. 2025,21. 8. 2025,"this bachelor&apos;s thesis explores automated approaches to combating misinformation. it proposes a method for modeling argumentation in fact-checked claims using entity graphs and large language models (llms). the source dataset consists of 50 fact-check reports from the politifact website. the argumentation in each report was analysed during an annotation campaign conducted by a team from vše. annotators classified misleading claims based on predefined misinformation patterns in a catalogue of misinformation patterns and created brief summaries of the argumentation in each fact-check report. the automated misinformation pattern detection approach proposed in this thesis achieved an exact agreement with annotators in 46% of reports, with an additional 36% of cases where the model proposed partially matching misinformation patterns. evaluation of a wide selection of llms demonstrated that the gemini 2.5 pro model, created by google, performed best in argumentation modeling. the experiments revealed that some examined claims are more challenging to model automatically than others. based on this observation, a set of parameters that determine the complexity of a fact-check report is proposed. this metric has the potential to serve as an indicator of how confident we can be in an llm&apos;s automated decision. to improve the interpretability of argumentation in fact-check reports, a method for automatically sketching entity graphs using llms is presented. preliminary experiments indicate that this approach shows promise, with automatically generated graphs often approaching the quality of those created manually by human annotators. this thesis demonstrates that it is possible to model argumentation within fact-check reports fully automatically. the proposed approach has the potential to be used for evaluating the quality of fact-check reports, which could enable fully automated refutation of examined problematic claims in the future. additionally, it improves the interpretability of argumentation in fact-checked claims.",fact-checking; entity graphs; large language models; argumentation; misinformation; interpretability,https://insis.vse.cz/zp/91512,2053,True,0.936095654964447,True,0.99,True
2025,Implementace obchodovacího algoritmu se zaměření na objemové profilování,kohout vít,https://vskp.vse.cz/98187_implementace-obchodovaciho-algoritmu-se-zamereni-na-objemove-profilovani?type=Bakal%C3%A1%C5%99sk%C3%A1+pr%C3%A1ce&year=2025&page=5,implementation of a trading algorithm with a focus on volume profiles,english,fakulta informatiky a statistiky,data analytics,katedra informačního a znalostního inženýrství,26. 6. 2025,21. 8. 2025,"thesis investigates the incremental value of integrating advanced analytics into classical intraday trading strategies. to systematically assess the impact of increasing analytical complexity, a tiered framework of nine strategies was developed spanning baseline (price-only), volume-enhanced, and deep learning-enhanced archetypes. temporal fusion transformer model is implemented to provide 15-minute ahead volume forecasts for the most advanced strategies and everything is rigorously backtested on nasdaq-100 securities. the empirical results demonstrate a key trade-off: while incorporating volume-based parameters did not significantly increase profitability, it offered a powerful, statistically significant advantage in risk management by consistently reducing maximum drawdowns. conversely, the hypothesis that a sophisticated transformer-based forecast would further improve performance was rejected, as the strategies operating on predicted volume failed to outperform their simpler, heuristic-based counterparts. analysis also validates that strategy performance is highly regime-dependent, particularly for mean-reversion and momentum approaches. it is concluded that the primary contribution of adding volume-based complexity in this context is defensive, serving to preserve capital rather than amplify return, and highlight a critical trade-off between the benefits and implementation costs of deploying advanced predictive models in intraday trading strategies on higher frequency data.",intraday trading strategies; market risk management; quantitative finance; time series analysis; transformer models; algorithmic trading; machine learning; volume forecasting; deep learning,https://insis.vse.cz/zp/88190,1503,False,0.6883087158203125,False,0.0,False
2025,Aplikace metod projektového řízení,rudnyeva olena,https://vskp.vse.cz/98434_aplikace-metod-projektoveho-rizeni?type=Bakal%C3%A1%C5%99sk%C3%A1+pr%C3%A1ce&year=2025&page=5,application of project management methods,english,fakulta informatiky a statistiky,informační média a služby,katedra ekonometrie,13. 7. 2025,19. 8. 2025,"bachelor thesis aims to identify the optimal set of project management tools for agile methodology, specifically focusing on the core project management aspects of time, budget, and scope. the study includes a comparative analysis of traditional and agile project management tools—such as scrum, pert, cpm, gantt charts, evm, monte carlo simulations, wbs, and event chain methodology—to assess their strengths and limitations in addressing each facet of the project management triangle. the research will be grounded in a real-world project: the development of self-storage rental software. this case study will provide practical insights into tool effectiveness within an agile environment, ultimately allowing the thesis to propose an optimized toolkit that enhances efficiency, flexibility, and project outcomes.",cpm; earned value analysis; project management; work breakdown structure; pert,https://insis.vse.cz/zp/87760,815,False,0.5905867218971252,False,0.0,False
2025,Regularizační metody v Probabilistic Neural Networks a General Regression Neural Networks.,vinogradov grigorii,https://vskp.vse.cz/98113_regularizacni-metody-v-probabilistic-neural-networks-a-general-regression-neural-networks?type=Bakal%C3%A1%C5%99sk%C3%A1+pr%C3%A1ce&year=2025&page=5,regularization methods in probabilistic neural networks and general regression neural networks,english,fakulta informatiky a statistiky,matematické metody v ekonomii,katedra statistiky a pravděpodobnosti,25. 6. 2025,18. 8. 2025,"this thesis investigates the application of regularization techniques in general regression neural networks (grnn) and probabilistic neural networks (pnn). l1 and l2 regularization has been integrated into grnn and pnn architectures using a bayesian formulation of parameter estimation. in contrast to the standard kernel density estimation (kde) approach, in this work the models were reformulated using a mixture of gaussians for density estimation, allowing the models to move from a non-parametric to a parametric formulation with minimal changes in interpretation. the models were implemented in python and their performance was evaluated on real-word datasets. in regression tasks, l1 and l2 regularization led to improvements in model performance, with mean square error reductions in the range of 3,02% to 4,04%. in classification tasks, accuracy improvements ranged from 0,36% to 4,44%. however, a slight performance decrease was observed in some datasets, suggesting that the effect of regularization is data-dependent.",general regression neural networks; probabilistic neural networks; regularization methods; machine learning,https://insis.vse.cz/zp/91651,1029,True,0.9079771637916565,False,0.0,True
2025,Přehled a porovnání standardu Essential Video Coding,vornicescu gheorghe,https://vskp.vse.cz/96860_prehled-a-porovnani-standardu-essential-video-coding?type=Bakal%C3%A1%C5%99sk%C3%A1+pr%C3%A1ce&year=2025&page=5,an overview and comparison of the essential video coding standard,english,fakulta informatiky a statistiky,aplikovaná informatika,katedra multimédií,12. 5. 2025,26. 6. 2025,"this thesis provides a comprehensive overview and comparative analysis of the mpeg‑5 essential video coding (evc) standard. after tracing the historical evolution of video coding standards and overviewing the technical foundations and toolset of evc, the work evaluates its encoding efficiency and computational complexity. objective quality assessments were conducted on three representative test sequences (sintel, crowd run, park joy) using vmaf, ms‑ssim, and psnr‑hvs‑m metrics. evc’s performance — via its xeve main and baseline profiles — was compared against other codecs including libaom av1 (2019), svt‑av1 (preset 4), libvpx‑vp9, x265 (hevc), and vvenc (vvc). the results demonstrated that evc’s main profile provides competitive visual quality, particularly effective at low and medium bitrates, effectively positioning itself between royalty-free next-generation codecs and those hindered by patents. additionally, the baseline profile offers a viable alternative characterized by significantly reduced computational demands, albeit accompanied by a compromise in visual quality. computational complexity was quantified by analyzing encoding time and peak memory usage, with findings showing consistently low memory usage at all bitrates, low encoding time for baseline profile and high encoding time for main profile.",video coding; evc; standardization; video compression,https://insis.vse.cz/zp/90770,1330,False,0.71940678358078,False,0.0,False
2025,Vývoj edukační hry pro zvýšení prevence a povědomí o phishingu,serkes denys,https://vskp.vse.cz/96773_vyvoj-edukacni-hry-pro-zvyseni-prevence-a-povedomi-o-phishingu?type=Bakal%C3%A1%C5%99sk%C3%A1+pr%C3%A1ce&year=2025&page=6,developing a serious game to enhance prevention and phishing awareness,english,fakulta informatiky a statistiky,aplikovaná informatika,katedra multimédií,11. 5. 2025,26. 6. 2025,"the primary objective of this thesis is to develop a serious game aimed at raising awareness about phishing and educating users on how to avoid it. the theoretical part explores the concept of serious games, examining their definition, effectiveness, and successful applications. an initial game concept was developed and used to identify and analyse similar games, which informed the creation of the final concept. this final concept includes a detailed description of the game’s storyline, visuals, functionalities, and levels. a list of features was compiled and prioritised using the moscow method, distinguishing between those implemented during the thesis and those reserved for future development.  the practical part outlines the game’s development process, beginning with a description of the chosen tools—specifically the unity game engine and the c\# programming language. development was divided into two phases: a low-fidelity prototype and a high-fidelity prototype. the low-fidelity prototype involved designing the user interface, implementing game functionality, and creating basic visuals. the high-fidelity prototype focused on refining visuals and improving the interface.  after development, the game underwent two types of evaluation. first, its visual and functional quality was assessed through user interviews. testers provided feedback on what they liked, disliked, and suggested improvements. second, the game’s educational effectiveness was evaluated through a questionnaire consisting of eight phishing-related questions. each participant completed the questionnaire both before and after playing the game. the results, presented in a bar chart, showed a 33.33\% increase in correct responses on the second attempt, highlighting the game’s potential as an effective educational tool. finally, all user feedback was analysed, and the identified improvements were implemented in the final version of the game.",unity; serious game; phishing,https://insis.vse.cz/zp/88302,1936,False,0.6152510643005371,False,0.0,False
2025,Porovnání procesu vývoje videoher s využitím a bez využití umělé inteligence,ivanichenko anton,https://vskp.vse.cz/96845_porovnani-procesu-vyvoje-videoher-s-vyuzitim-a-bez-vyuziti-umele-inteligence?type=Bakal%C3%A1%C5%99sk%C3%A1+pr%C3%A1ce&year=2025&page=6,the comparison of the video game development process with and without the use of artificial intelligence,english,fakulta informatiky a statistiky,aplikovaná informatika,katedra informačních technologií,12. 5. 2025,25. 6. 2025,"the main goal of this bachelor thesis is to compare the processes of video game development with and without the use of artificial intelligence. the output of this work is a comparative analysis of two game prototypes: manually developed and artificially developed. the analysis focuses on three factors: time costs, financial costs, and overall quality of the prototypes.  this work also inspects several other topics, such as the definition of a video game, roles in the game development team, and components.",game development; game; artificial intelligence; godot,https://insis.vse.cz/zp/91009,511,False,0.75465989112854,False,0.0,False
2025,Inovace velkých jazykových modelů (LLM) pomocí doladěné metody Retrieval-Augmented Generation (RAG): Návrh a vyhodnocení,pivoda šimon,https://vskp.vse.cz/96843_inovace-velkych-jazykovych-modelu-llm-pomoci-doladene-metody-retrieval-augmented-generation-rag-navrh-a-vyhodnoceni?type=Bakal%C3%A1%C5%99sk%C3%A1+pr%C3%A1ce&year=2025&page=7,innovating large language models (llms) with fine-tuned retrieval-augmented generation (rag): design and evaluation,english,fakulta informatiky a statistiky,aplikovaná informatika,katedra systémové analýzy,12. 5. 2025,24. 6. 2025,"artificial intelligence (ai) is reshaping the way organizations manage and interact with information. its influence is visible not only in daily operations but also in critical strategic decision-making. in recent years, an innovative approach known as retrieval-augmented generation (rag) has emerged, extending the capabilities of large language models (llms) by providing access to relevant and up-to-date data sources. this enables companies to better leverage their internal knowledge in real time and apply ai across a wide range of use cases. however, despite the fast advancements in large language models, their direct deployment within corporate environments often faces major challenges. main among these are concerns related to data security and the risk of data leakage. as a result, many organizations are hesitant to expose sensitive internal data to language models. additionally, llms often suffer from response accuracy issues, including the generation of incorrect or hallucinated responses when lacking domain-specific knowledge. the rag method capably furnishes resolutions for these challenges. safe as well as governed admittance to internal information that is stored within specialized repositories known as vector databases is permitted instead of mainly depending on closed training datasets. this approach greatly curtails the risk regarding data breaches and inaccuracies. this paper digs into the basic tenets and salient constituents of the rag architecture. many efficacious document segmentation and retrieval strategies are implemented via vector databases and embeddings. in the practical part of this thesis, a complex rag system is proposed and tested, targeting automotive data. a postgresql database enhanced with vector search support (pgvector) is used to store and manage vector representations. the primary data source is the large dataset from the kaggle platform. system evaluation is conducted using a combination of expert queries and ground truth. the evaluation aims to assess the system’s accuracy, output validation, and its ability to minimize hallucinations. the results indicate that the rag-based architecture is effective in enhancing conversational systems with internal data sources, resulting in more accurate responses, increased reliability, and a notable reduction in hallucinated or fabricated content.",model evaluation; prompt engineering; embedding; llm; rag; retriever; ai; context data; generative ai,https://insis.vse.cz/zp/91036,2365,True,0.8922183513641357,True,0.99,True
2025,Psychologie brandingu: Vytváření a testování vizuálních identit pro self-portrait studio,kosheleva polina,https://vskp.vse.cz/96725_psychologie-brandingu-vytvareni-a-testovani-vizualnich-identit-pro-self-portrait-studio?type=Bakal%C3%A1%C5%99sk%C3%A1+pr%C3%A1ce&year=2025&page=7,the psychology of branding: developing and testing visual identities for a self-portrait studio,english,fakulta informatiky a statistiky,multimédia v ekonomické praxi,katedra multimédií,11. 5. 2025,24. 6. 2025,"in today&apos;s visually saturated market, a brand’s success may depend on how effectively its visual identity captures attention and builds trust. this bachelor thesis explores whether a visual identity developed using psychological principles — such as color psychology, emotionally resonant typography, and logo design followed by gestalt principles — leads to improved brand perception and engagement. the main objective of this thesis is to quantitatively assess the impact of psychology-based visual identity on brand recall, emotional response, and social media interaction. based on the research findings, a practical framework was made, offering guidelines for businesses on how to apply psychological principles if they want to create or change a visual identity. the research was guided by five questions focused on memorability, logo perception, emotional response to main visual identity components, engagement in instagram ads, and emotional connection.  two different visual identities were created for a modern self-portrait studio called narcis studio — the first one was made with the implementation of psychological theory, and the second one did not follow these principles. their performance was evaluated through a 15-day a/b testing campaign on instagram, with an equal ad budget of 1,725 czk for each version, and a structured questionnaire completed by 93 respondents aged 18–34. the psychology-based identity consistently outperformed the alternative: it was perceived as more trustworthy, memorable, and emotionally engaging, and it had significantly higher engagement on instagram. these findings confirm the importance of psychology-informed branding and form the basis of a practical guide for companies that want to have emotionally effective visual identities.",visual identity; branding; psychology; design; a/b testing; social media; self-portrait studio,https://insis.vse.cz/zp/90313,1792,False,0.598153829574585,False,0.0,False
2025,Behaviorální taktiky pro zvýšení utrácení a prodloužení doby hraní ve videoherním průmyslu,aruťuňan david,https://vskp.vse.cz/96755_behavioralni-taktiky-pro-zvyseni-utraceni-a-prodlouzeni-doby-hrani-ve-videohernim-prumyslu?type=Bakal%C3%A1%C5%99sk%C3%A1+pr%C3%A1ce&year=2025&page=7,behavioral tactics to drive spending and prolong play in the video game industry,english,fakulta informatiky a statistiky,aplikovaná informatika,katedra systémové analýzy,11. 5. 2025,20. 6. 2025,"the video game industry’s monetization strategies have transformed from one-time purchases to dynamic “live service” models that leverage behavioral psychology and predatory techniques to drive ongoing player engagement and recurring spending. the main goal of this bachelor thesis is to consolidate research about these psychological methods and how they are used in the video game industry. the first part reviews key psychological techniques and describes how they are embedded in specific monetization models. the second part empirically analyzes player experience, gaming and spending habits, and awareness of these psychological methods through quantitative research. by consolidating fragmented literature and combining it with original empirical data, this paper provides a structured overview of how behavioral psychology is commodified in gaming. the findings offer actionable insights for players, game developers and regulators aiming to understand and ethically govern the psychological design tactics found in video games.",psychology; video games; monetization; flow theory,https://insis.vse.cz/zp/89662,1036,False,0.7056177854537964,False,0.0,False
2025,Analýza ICT sektoru pomocí metody syntetické kontroly,přerovský david,https://vskp.vse.cz/96656_analyza-ict-sektoru-pomoci-metody-synteticke-kontroly?type=Bakal%C3%A1%C5%99sk%C3%A1+pr%C3%A1ce&year=2025&page=8,analysis of the ict sector using the synthetic control method,english,fakulta informatiky a statistiky,matematické metody v ekonomii,katedra ekonometrie,12. 5. 2025,18. 6. 2025,"this thesis applies the synthetic control method to evaluate the causal impact of the brexit referendum on the science and technology sector in the united kingdom. using a carefully selected set of predictors and a donor pool comprised of oecd countries, a synthetic uk is constructed to act as a counterfactual benchmark to the real uk. by comparing the two, the research shows a statistically significant negative impact on sector&apos;s gross value added in the short term, with the gap stabilizing after 2020. while the long-term effect remains uncertain, the findings demonstrate that brexit imposed a measurable economic cost—at a minimum in the short term—on the uk’s innovation economy.",united kingdom; synthetic control method; brexit; science and technology sector,https://insis.vse.cz/zp/91206,694,False,0.7992907762527466,False,0.0,False
2025,Analýza realitního trhu USA,sachek herman,https://vskp.vse.cz/96954_analyza-realitniho-trhu-usa?type=Bakal%C3%A1%C5%99sk%C3%A1+pr%C3%A1ce&year=2025&page=8,analýza realitního trhu usa,english,fakulta informatiky a statistiky,aplikovaná informatika,katedra informačního a znalostního inženýrství,12. 5. 2025,18. 6. 2025,"the aim of this bachelor&apos;s thesis is to collect data on the residential real estate market in the united states through web scraping and to analyze it using exploratory data analysis and data mining techniques in order to identify patterns, relationships between attributes, and regional differences within the market. the theoretical part introduces the field of knowledge discovery in databases (kdd) and explains key concepts, including its definition, historical development, main process steps, and the crisp-dm methodology. it also explores the topic of web scraping, covering its definition, applications, and the techniques used, such as static html parsing and dynamic content extraction. the practical part follows the crisp-dm framework and applies it to the analysis of the u.s. real estate market. it begins with business understanding, including the selection of a relevant data source and the choice of cities for extraction. data is collected using web scraping and prepared through the data understanding and data preparation phases. finally, exploratory data analysis (eda) and modeling techniques are applied to uncover insights from the dataset.",web scraping; data analysis; data mining,https://insis.vse.cz/zp/88377,1170,False,0.6350418925285339,False,0.0,False
2025,Porovnání dynamické a statické strategie na odhad zajišťovacího poměru,lím drahoslav,https://vskp.vse.cz/96827_porovnani-dynamicke-a-staticke-strategie-na-odhad-zajistovaciho-pomeru?type=Bakal%C3%A1%C5%99sk%C3%A1+pr%C3%A1ce&year=2025&page=9,comparison of dynamic and static strategy for hedge ratio determination,english,fakulta informatiky a statistiky,matematické metody v ekonomii,katedra ekonometrie,12. 5. 2025,18. 6. 2025,"this thesis compares the effectiveness of static and dynamic strategies for determining the hedge ratio in commodity markets. i focus on two business scenarios: an airline company purchasing jet fuel hedged with wti crude oil futures and a shipping company purchasing gasoline hedged with rbob gasoline futures. my objective is to lower the volatility of changes in weekly costs in usd per gallon for the given commodity. using ols regression on time series data from 2021--2024, i estimate optimal hedge ratios that minimize variance for both strategies. empirical results show that both hedging strategies successfully reduced the volatility of changes of weekly costs per gallon for a given commodity. the reductions were more substantial in the airline case, where the first differences of spot and futures prices showed strong positive correlation. in the shipping company case, the weaker positive correlation limited the potential of both strategies, but volatility was still modestly reduced. in both scenarios, the dynamic strategy slightly outperformed the static one, supporting the idea that responding to market changes can improve hedging performance. these results demonstrate that the effectiveness of hedge ratios depends not only on their construction method but also on the underlying correlation type of the market. while the ols framework produced usable estimates, the presence of volatility clustering in all price series suggests that models explicitly accounting for heteroskedasticity---such as arch or garch---may offer a more robust alternative for future hedge ratio estimation.",volatility; optimal hedge ratio; ordinary least squares method,https://insis.vse.cz/zp/91217,1607,False,0.5186575055122375,False,0.0,False
2025,Prostorová analýza kriminality na základě otevřených dat Policie České republiky,hatiarová dominika,https://vskp.vse.cz/96668_prostorova-analyza-kriminality-na-zaklade-otevrenych-dat-policie-ceske-republiky?type=Bakal%C3%A1%C5%99sk%C3%A1+pr%C3%A1ce&year=2025&page=10,spatial analysis of criminality based on open data of czech police (pčr),english,fakulta informatiky a statistiky,matematické metody v ekonomii,katedra ekonometrie,12. 5. 2025,18. 6. 2025,"this thesis aims to examine the effects of various socioeconomic factors on the prevalence of drug-related criminal offenses in the czech republic and to uncover the most problematic geographical areas. the methodology is based on the application of exploratory spatial data analysis techniques and statistical modeling, including the use of spatial econometric models and models for count data. the analysis reveals three clusters of administrative units exhibiting elevated crime rates, all located in the northern or north-eastern regions of czechia. the results of the regression analysis based on the negative binomial model indicate that the divorce rate, and the proportion of young men and individuals with low education in the population significantly increase drug-related crime rates. the positive effect of the unemployment rate is not found to be statistically significant. a change in the share of foreigners and the number of living allowances per 1000 inhabitants is associated with a decrease in the crime rate; however, both of these effects are likewise shown to be insignificant.",drug-related criminality; negative binomial model; regression analysis; spatial econometrics,https://insis.vse.cz/zp/91111,1099,False,0.5719118118286133,False,0.0,False
2025,Použití vektorových databází pro podobnostní vyshedávání,bártová kateřina,https://vskp.vse.cz/96952_pouziti-vektorovych-databazi-pro-podobnostni-vyshedavani?type=Bakal%C3%A1%C5%99sk%C3%A1+pr%C3%A1ce&year=2025&page=10,utilizing vector databases for similarity search,english,fakulta informatiky a statistiky,data analytics,katedra matematiky,12. 5. 2025,18. 6. 2025,"this bachelor’s thesis explores applications of two vector database systems, chromadb and qdrant, with focus on their comparison from a user’s perspective and the effectiveness of specific text representations and distance metrics in similarity search. in order to perform the comparison, three datasets are utilised, one from the aviation domain and two from research and development projects. the initial phase involves familiarising with tf-idf representation, minilm-l6 and specter models. standard similarity metrics and evaluation metrics, rank-biased overlap, and precision at k, are introduced. the datasets are pre-processed and then used to fill the databases. the similarity search evaluation is done concerning humansorted documents based on their similarity to the query. based on experiments with various representations and distance metrics, those created by the minilm-l6 model emerge as the best representation; when changing the distance metric, the results do not differ significantly.",embedding; similarity search; vector database; chromadb; qdrant,https://insis.vse.cz/zp/88506,1004,False,0.5365867614746094,False,0.0,False
2025,Analysis of factors affecting client profitability,úředníček jan adam,https://vskp.vse.cz/96791_analysis-of-factors-affecting-client-profitability?type=Bakal%C3%A1%C5%99sk%C3%A1+pr%C3%A1ce&year=2025&page=10,analysis of factors affecting client profitability,english,fakulta informatiky a statistiky,data analytics,katedra informačních technologií,12. 5. 2025,17. 6. 2025,"this thesis investigates the effects of identifying and quantifying key financial and behavioral features on the prediction of gross income (gi) for micro and small segment enterprises at raiffeisenbank. for this purpose, machine learning regression models are employed, utilizing client-level data on various financial activities, transactional behavior, and static attributes, along with the target variable of average gross income. the analysis focuses on identifying the most influential features and evaluating the predictive performance of different models. the three main findings are that (i) machine learning models can effectively predict a significant portion of the variability in gi, (ii) certain client financial and behavioral features, such as average asset and liability volumes, income, and international payment activity, emerge as strong positive predictors of gi, and (iii) a carefully selected subset of the most important features can achieve comparable or even slightly better predictive performance than models utilizing the entire feature set. this thesis represents an initial data-driven investigation into the drivers of gross income within raiffeisenbank&apos;s micro and small enterprise client base using modern machine learning techniques.",banking; machine learning; feature importance; gross income prediction; xgboost,https://insis.vse.cz/zp/92325,1272,False,0.8251616954803467,True,0.97,True
2025,Detekce neobvyklých praktik obecních zastupitelstev pomocí datové analýzy veřejných rozpočtů,vinkler vladimír,https://vskp.vse.cz/96700_detekce-neobvyklych-praktik-obecnich-zastupitelstev-pomoci-datove-analyzy-verejnych-rozpoctu?type=Bakal%C3%A1%C5%99sk%C3%A1+pr%C3%A1ce&year=2025&page=10,detection of municipal efficiency patterns and unusual practises by data analysis of public budgets,english,fakulta informatiky a statistiky,data analytics,katedra ekonometrie,11. 5. 2025,17. 6. 2025,"this thesis examines the efficiency of czech municipalities in transforming financial resources into positive demographic and socioeconomic outcomes. using data envelopment analysis (dea) with variable returns to scale, the study evaluates 6,244 municipalities across the czech republic over the period 2010-2023. the research integrates comprehensive finan- cial data from municipal budgets with demographic statistics and debt enforcement records to identify patterns of municipal performance. through spatial analysis and visualization techniques, including choropleth mapping, the study reveals regional disparities in efficiency. the findings indicate that efficient municipalities maintain lower operational expenses, allo- cate more resources to investment rather than operations, sustain healthier budget balances, and achieve better demographic outcomes, including population growth and lower rates of debt enforcement proceedings. the research identifies both exemplary performers through superefficiency analysis and specific municipal characteristics associated with inefficiency, such as tourism dependence and peripheral geographical location. this research contributes to understanding how municipal financial management practices influence local demographic development and offers a methodological framework for identifying unusual financial practices in public administration.",data envelopment analysis; efficiency analysis; czech municipalities; municipal finance; demographic trends; public budgets; spatial analysis; local government,https://insis.vse.cz/zp/90587,1393,False,0.7013110518455505,False,0.0,False
2025,Zkoumání faktorů ovlivňujících výsledky zápasů v Dota 2,tcypin gleb,https://vskp.vse.cz/96616_zkoumani-faktoru-ovlivnujicich-vysledky-zapasu-v-dota-2?type=Bakal%C3%A1%C5%99sk%C3%A1+pr%C3%A1ce&year=2025&page=11,exploring predictors of results of dota 2 matches,english,fakulta informatiky a statistiky,data analytics,katedra ekonometrie,10. 5. 2025,17. 6. 2025,"this thesis investigates the prediction of professional dota 2 match outcomes using machine learning techniques, focusing on pre-game and early-game features limited to the first 10 minutes of gameplay. alongside the development of predictive models, it introduces a structured data governance framework inspired by modern data engineering practices, enabling scalable data collection, transformation, and modelling. three classification algorithms are applied: logistic regression, multi-layer perceptron (mlp), and xgboost. each model is trained on a dataset adjusted to suit its specific characteristics and working principles, incorporating custom transformations such as binning and one-hot encoding. the models undergo initial evaluation and are then refined through feature pruning and hyperparameter tuning. the impact of individual variables is assessed using model coefficients, permutation importance (measured on the training data), and shapley values. the models achieve competitive accuracy, with all reaching up to 65.7%. although pruning and tuning yield incremental improvements, none of the individual models surpasses the baseline logistic regression, which also reaches 65.7%. a stacked ensemble model that combines the best-performing versions of all three base learners slightly improves performance to 65.8%. key predictors include early-game differences in experience, kills, and net worth, as well as the presence of a team on the elo leaderboard. the results confirm that early-game data alone can support meaningful predictions and that combining ensemble techniques with structured preprocessing pipelines enhances both performance and interpretability. future work may involve integrating real-time match data and team-specific historical information to further improve predictive accuracy.",machine learning; data governance; xgboost; mlp; dota 2; logistic regression,https://insis.vse.cz/zp/87944,1819,True,0.9315440654754639,True,0.99,True
2025,Klasifikace obrázků pomocí metod strojového učení,tatarinov vadym,https://vskp.vse.cz/95206_klasifikace-obrazku-pomoci-metod-strojoveho-uceni?type=Bakal%C3%A1%C5%99sk%C3%A1+pr%C3%A1ce&year=2025&page=11,image classification using machine learning methods,english,fakulta informatiky a statistiky,aplikovaná informatika,katedra ekonometrie,8. 12. 2024,17. 6. 2025,"recent advancements in deep learning have changed computer vision, evolving from traditional methods like support vector machines (svm) to convolutional neural networks (cnn) in 2012, and more recently to vision transformers (vit) in 2021. simultaneously, improvements in computational power and the exponential growth of internet data have further driven this progress. this work uses these developments to build a computer vision model for classifying damaged and undamaged cars. specifically, the study compares pre-trained convolutional neural networks, such as resnet and convnext, to find the best-performing architecture for this task. key contributions of this work include an analysis of the impact of data quantity and quality on model performance, the balance between computational resources and accuracy, and an exploration of hyperparameter optimization strategies for this application. the model&apos;s performance was evaluated using metrics like accuracy, model size, and f1 score, with convnext achieving a maximum accuracy of 95.4\%, demonstrating its effectiveness in binary classification for this task. the final model from this study could be applied to online platforms or auctions for selling used cars, potentially enhancing ad conversion rates, improving user experience, and reducing fraud associated with selling damaged vehicles.",car damage detection; computer vision; image recognition; image classification,https://insis.vse.cz/zp/85049,1358,True,0.8888587951660156,True,0.95,True
2025,Sociální výdaje a jejich dopad na ekonomickou aktivitu v Evropě,volhejn petr,https://vskp.vse.cz/96734_socialni-vydaje-a-jejich-dopad-na-ekonomickou-aktivitu-v-evrope?type=Bakal%C3%A1%C5%99sk%C3%A1+pr%C3%A1ce&year=2025&page=12,social spending and its effect on economic activity across europe,english,fakulta informatiky a statistiky,data analytics,katedra ekonometrie,11. 5. 2025,17. 6. 2025,"this thesis investigates the relationship between government social spending and economic performance, measured by gdp per capita, across european countries from 2002 to 2022. using eurostat data and first differences panel regression models, the study finds a strong, statistically significant positive relationship, with each euro of per capita social spending associated with a gdp increase of approximately 2.94 €. before excluding or accounting for outliers (ireland and norway), the effect was even higher at 3.42 €. grounded in keynesian economic theory, and supported by existing literature, the findings suggest that social spending contributes meaningfully to economic growth in institutionally stable contexts. the study highlights limitations including the use of annual data, the exclusion of dynamic models, and the absence of disaggregated spending categories, offering clear directions for future research.",economic growth; panel regression;  keynesian multiplier; social spending,https://insis.vse.cz/zp/90186,922,False,0.7296260595321655,False,0.0,False
2025,Travelling tournament problem and its NHL application,ivanič leon,https://vskp.vse.cz/92875_travelling-tournament-problem-and-its-nhl-application?type=Bakal%C3%A1%C5%99sk%C3%A1+pr%C3%A1ce&year=2025&page=12,travelling tournament problem and its nhl application,english,fakulta informatiky a statistiky,matematické metody v ekonomii,katedra ekonometrie,5. 5. 2024,17. 6. 2025,"this bachelor thesis focuses on the overview and application of the travelling tournament problem with a specific focus on its application to the national hockey league. it provides a theoretical overview of the problem, its formal definition, variations and its complexity. the travelling tournament problem, which can be viewed as an extension of the better-known traveling salesman problem, aims to optimize sports tournament scheduling by minimizing travel distances. the thesis is structured in two main sections: the first discusses the theoretical aspects of the problem, including its computational complexity and various solving techniques. the second part applies these methodologies to the national hockey league, proposing a model that reduces the total number of games and travel distances, potentially decreasing costs and player fatigue.",national hockey league; tournament scheduling; travelling tournament problem,https://insis.vse.cz/zp/85040,852,False,0.5422685742378235,False,0.0,False
2025,Využití sémantického vyhledávání a velkých jazykových modelů k řešení mezer v sortimentu v E-Commerce,tran ngoc khiem,https://vskp.vse.cz/96912_vyuziti-semantickeho-vyhledavani-a-velkych-jazykovych-modelu-k-reseni-mezer-v-sortimentu-v-e-commerce?type=Bakal%C3%A1%C5%99sk%C3%A1+pr%C3%A1ce&year=2025&page=13,applying semantic search and large language models to solve assortment gaps in e-commerce,english,fakulta informatiky a statistiky,data analytics,katedra informačního a znalostního inženýrství,12. 5. 2025,16. 6. 2025,"this thesis addresses the problem of assortment gaps in e-commerce, with a particular focus on the grocery retail sector. the main objective is to develop a robust and scalable solution for identifying missing or substitute products by leveraging semantic search techniques and large language models (llms).",semantic search; llms; sentence embedding,https://insis.vse.cz/zp/90059,307,True,0.9186331629753113,True,0.95,True
2025,Srovnání metod důležitosti rysů pro mikrobiologická data,havelka marek,https://vskp.vse.cz/96599_srovnani-metod-dulezitosti-rysu-pro-mikrobiologicka-data?type=Bakal%C3%A1%C5%99sk%C3%A1+pr%C3%A1ce&year=2025&page=13,comparison of feature importance methods for a microbiological data,english,fakulta informatiky a statistiky,aplikovaná informatika,katedra informačního a znalostního inženýrství,10. 5. 2025,16. 6. 2025,"this bachelor thesis focuses on the comparison of feature importance methods on microbiological data.  the aim of the work is to compare the accuracy of the prediction model on a given dataset when manipulating the data according to the selected feature importance methods. specifically, the shap and ara methods are considered. the theoretical part of the thesis contains definitions of terms and description of the two selected feature importance methods. the methodological part describes how the research of the given issue was carried out, contains a general description of the methods used and their practical application in the practical part of the work. the practical part is implemented in the form of data processing using the python language in jupyter notebook. these tools are used to measure the accuracy of the catboost prediction model in adjusting the dataset according to importance using the shap and ara methods, as well as factor analysis or principal component analysis.",feature importance method; prediction model; data,https://insis.vse.cz/zp/90289,993,False,0.6227683424949646,False,0.0,False
2025,Srovnání vybraných efektivních technik hlubokého učení pro konvoluční neuronové sítě v klasifikaci,phamová xuan vi,https://vskp.vse.cz/96910_srovnani-vybranych-efektivnich-technik-hlubokeho-uceni-pro-konvolucni-neuronove-site-v-klasifikaci?type=Bakal%C3%A1%C5%99sk%C3%A1+pr%C3%A1ce&year=2025&page=13,comparison of selected efficient deep learning techniques for convolutional neural networks in classification,english,fakulta informatiky a statistiky,data analytics,katedra informačního a znalostního inženýrství,12. 5. 2025,16. 6. 2025,"the deployment of convolutional neural networks (cnns) on resource-constrained edge devices requires the application of model compression techniques to balance performance, size, and inference time. this thesis investigates three key techniques — weight pruning, quantization, and knowledge distillation — evaluating their impact on cnn performance across various datasets and model architectures. experimental results show that weight pruning, when applied to simpler custom cnns, significantly reduces model size while slightly improving accuracy. however, excessive pruning in more complex pretrained models led to a considerable drop in performance, highlighting the need for more advanced strategies in complex architectures. quantization techniques, particularly post-training quantization (ptq), proved highly effective in reducing model size by 75-90% and accelerating inference time by up to 1.5-8×, without substantial accuracy degradation. in contrast, quantization-aware training (qat) offered similar benefits but introduced minor accuracy losses and the risk of overfitting, particularly when applied to larger models like inceptionv3. knowledge distillation demonstrated strong potential for transferring knowledge from larger teacher models to smaller student models, resulting in improved classification accuracy without increasing model size or inference time. these techniques offer promising solutions for optimizing cnns, ensuring efficient performance while maintaining competitive accuracy.",convolutional neural networks; deep learning; model compression; pruning; quantization; knowledge distillation; efficient deep learning techniques,https://insis.vse.cz/zp/90096,1513,True,0.9414524435997009,True,0.99,True
2025,Deep Reinforcement Learning pro karetní hru Dominion,kolomazník vojtěch,https://vskp.vse.cz/96869_deep-reinforcement-learning-pro-karetni-hru-dominion?type=Bakal%C3%A1%C5%99sk%C3%A1+pr%C3%A1ce&year=2025&page=13,deep reinforcement learning for the card game dominion,english,fakulta informatiky a statistiky,data analytics,katedra informačního a znalostního inženýrství,12. 5. 2025,16. 6. 2025,"this thesis aims to propose an approach using deep reinforcement learning (deep rl) for the card game dominion. existing deep rl approaches are studied and compared, so that a deep rl agent can be implemented. after that, the thesis attempts to determine whether a properly trained agent can perform above the level of a simple heuristic, find out which adjustments allow the agent to perform better in a partially observable environment and study the choices made by the agent. dominion is a deck-building card game, which presents many challenges to the rl community. it violates the markov property because the state is not fully observable to the agent. moreover, there is inherent stochasticity because the agent’s deck gets shuffled between turns. current academic research has attempted to apply deep q-networks and policy gradients to solve the game with varying success. one of the biggest unanswered questions relates to the calculation of the rewards. both monte carlo and temporal-difference methods yield sufficient performance in different scenarios. for the purpose of this thesis, several modifications were added to decrease the complexity of the problem. the selection of cards used in the game was frozen between games and the action phase of an agent’s turn was handled with a heuristic. only the buying phase was controlled directly by the agent. for this thesis, reinforce method relying on policy gradients and monte carlo returns displayed superior performance compared to deep q-networks and actor-critic architectures using temporal-difference returns. it obtained a 95 percent win rate against big money heuristic and an 88 percent win rate against smithy heuristic after only 20 thousand simulated games.",reinforcement learning; neural networks; markov decision process,https://insis.vse.cz/zp/90633,1732,True,0.8619136214256287,True,0.95,True
2025,Predikce optimálních rozestavení hráčů ve volejbalu pomocí strojového učení,čurila igor,https://vskp.vse.cz/96665_predikce-optimalnich-rozestaveni-hracu-ve-volejbalu-pomoci-strojoveho-uceni?type=Bakal%C3%A1%C5%99sk%C3%A1+pr%C3%A1ce&year=2025&page=14,predicting successful player alignments in volleyball using machine learning,english,fakulta informatiky a statistiky,data analytics,katedra ekonometrie,11. 5. 2025,16. 6. 2025,"this bachelor thesis investigates the application of machine learning techniques to analyze and predict the effectiveness of defensive formations in volleyball. using a manually annotated dataset of 300 plays from professional volleyball matches, three different machine learning models-logistic regression, random forest, and xgboost-were developed and evaluated. among these, the xgboost model achieved the highest accuracy, but all models demonstrated solid performance, suggesting that even with a relatively small and structured dataset, meaningful predictions can be made. the study emphasizes the importance of feature selection and data preparation, focusing on variables available before the attack, such as defender positions, attack type, set quality, and block details. feature importance analysis revealed that the type of attack, block effectiveness, and especially the position of defender 6 are crucial factors influencing defensive success. the results show that optimal defensive positioning is not static but should adapt dynamically depending on the specific game situation, such as whether the block touches the ball. although the dataset was limited in size and scope, this research demonstrates that machine learning can provide valuable tactical insights for coaches and players. with larger datasets and automated data collection methods, these approaches have the potential to support real-time decision-making and strategy development in volleyball, ultimately contributing to improved team performance and a deeper understanding of the game.",volleyball; machine learning; sports analytics; defensive formations,https://insis.vse.cz/zp/91132,1569,False,0.8271146416664124,True,0.95,True
2025,Využití syntetických textových dat pro trénování modelů analýzy sentimentu,frolov ilia,https://vskp.vse.cz/96353_vyuziti-syntetickych-textovych-dat-pro-trenovani-modelu-analyzy-sentimentu?type=Bakal%C3%A1%C5%99sk%C3%A1+pr%C3%A1ce&year=2025&page=14,using synthetic text data to  train sentiment analysis models,english,fakulta informatiky a statistiky,data analytics,katedra informačního a znalostního inženýrství,3. 5. 2025,16. 6. 2025,"the explosive growth of digital text data presents many opportunities and  challenges, especially in the area of sentiment analysis. a common problem is the  imbalance of datasets, where one sentiment class significantly outperforms others,  resulting in prediction bias. in this study, the class imbalance problem is addressed  by creating synthetic data using gpt-2, a state-of-the-art generative language  model. comprehensive experiments were conducted using logistic regression, long term short-term memory (lstm), and bidirectional encoding representations from  transformers (bert) models. the evaluation showed significant results, in  particular bert, which achieved accuracies up to 74.2% when trained solely on  synthetic data. this highlights the value of using synthetic data in nlp applications.  the study suggests opportunities for future research using more advanced language  models and broader nlp applications.",synthetic data;  gpt-2; sentiment analysis;  logistic regression; lstm;  bert; class  imbalance; data augmentation;  nlp,https://insis.vse.cz/zp/90135,930,False,0.8089491724967957,True,0.98,True
2025,Benfordův zákon a statistické odhalování volebních podvodů,bednářová kristýna,https://vskp.vse.cz/96920_benforduv-zakon-a-statisticke-odhalovani-volebnich-podvodu?type=Bakal%C3%A1%C5%99sk%C3%A1+pr%C3%A1ce&year=2025&page=18,benford’s law and the statistical detection of election fraud,english,fakulta informatiky a statistiky,matematické metody v ekonomii,katedra statistiky a pravděpodobnosti,12. 5. 2025,11. 6. 2025,"elections worldwide are essential for democratic governance, but election fraud seriously threatens the integrity that underpins democratic societies. this thesis explores the applicability of benford’s law as a forensic tool for detecting anomalies in electoral data, a possible manifestation of election fraud, by introducing a novel, reproducible methodology, thoughtfully designed by the author through the integration of multiple established approaches. it combines compliance tests of the leading and last digits distributions according to benford&apos;s law and other indicative measures. these include correlation of vote shares, turnout, and the share of valid votes, and the digital development pattern.  the author was able to reach similar conclusions as prominent international organisations, such as the osce or the eu, by applying the proposed methodology to presidential elections with different political contexts: the czech republic (2023), the united states (2024), and belarus (2020). while the czech and u.s. elections showed no significant deviations from expected digit distribution patterns, the belarusian data revealed multiple irregularities, particularly in the first and last digits of vote counts.  this illustrates that statistical analysis of digit patterns can serve as a useful preliminary indicator of electoral manipulation.",benford&apos;s law; election fraud; leading digit; electoral integrity,https://insis.vse.cz/zp/89748,1360,False,0.5264825224876404,False,0.0,False
2025,Airbnb jako nástroj pro propagaci podniku: vytvoření strategie pro Massovku,anisimova anastasiia,https://vskp.vse.cz/96740_airbnb-jako-nastroj-pro-propagaci-podniku-vytvoreni-strategie-pro-massovku?type=Bakal%C3%A1%C5%99sk%C3%A1+pr%C3%A1ce&year=2025&page=19,airbnb as a tool for business promotion: creating a strategy for massovka,english,fakulta informatiky a statistiky,multimédia v ekonomické praxi,katedra multimédií,11. 5. 2025,10. 6. 2025,"this bachelor thesis explores the potential of using airbnb experiences as a digital marketing tool for promoting creative workshops, focusing on the case of massovka, an art studio based in prague. the main aim is to develop a marketing strategy to help massovka attract a new segment of customers through airbnb and to evaluate how the platform’s features could support customer engagement and business growth. the research combines theoretical analysis of marketing models with qualitative research, including interviews with massovka’s customers, airbnb users and potential local clients. analytical tools such as swot, ife/efe matrices are used to assess massovka’s internal and external environment. a perceptual map is used to evaluate airbnb as a tool for promoting services in comparison to other key players in the travel and experience industry. based on the findings, a marketing strategy is created using the stdc model, focusing on promoting sweets workshops as an entry point to airbnb experiences. expert evaluation confirms the strategy’s practical applicability, highlighting its alignment with massovka’s brand values and the behavioural patterns of airbnb’s audience. the results show that airbnb integration offers massovka a realistic and sustainable path for customer growth, provided that early engagement challenges are actively managed. this thesis contributes to a better understanding how creative businesses can adapt digital platforms traditionally associated with tourism to strengthen their market position.",airbnb; experience marketing; creative industry; marketing strategy; digital marketing,https://insis.vse.cz/zp/90051,1539,False,0.654466450214386,False,0.95,False
2025,Praktické aplikace řízení aktiv a závazků v pojišťovnách,candrák patrik,https://vskp.vse.cz/96876_prakticke-aplikace-rizeni-aktiv-a-zavazku-v-pojistovnach?type=Bakal%C3%A1%C5%99sk%C3%A1+pr%C3%A1ce&year=2025&page=22,practical applications in asset and liability management in insurance companies,english,fakulta informatiky a statistiky,matematické metody v ekonomii,katedra statistiky a pravděpodobnosti,12. 5. 2025,10. 6. 2025,"this thesis reviews how an insurance company protects their balance sheet from selected undesired changes. we apply methods to stabilize insurer’s own funds under changeable interest rates. the work outlines the principles of interest rates and bonds, which constitute the greatest portion of a czech insurer&apos;s asset portfolio. literature is reviewed on duration as a measure of its sensitivity to market rate shifts. commentary on cash flow modeling is given within a brief section on life insurance theory. we examine the sensitivity of classical insurance products, and their portfolio, to parallel and non-parallel yield curve shifts. duration of modelled liability cash flows is approximated to compare with a government bond portfolio before and after intervention. while czech insurers’ options today in asset and liability management remain limited, we give some methods available to control risk exposure.",bonds; duration gap; interest rate risk; alm; actuarial models; life insurance; cash flow models,https://insis.vse.cz/zp/90562,919,False,0.5899065732955933,False,0.0,False
2025,Porovnání frekventistické a Bayesovské logistické regrese na příkladu reálných dat,fedorov mikhail,https://vskp.vse.cz/95182_porovnani-frekventisticke-a-bayesovske-logisticke-regrese-na-prikladu-realnych-dat?type=Bakal%C3%A1%C5%99sk%C3%A1+pr%C3%A1ce&year=2025&page=36,comparison between frequentist and bayesian logistic regression on the example of real data,english,fakulta informatiky a statistiky,matematické metody v ekonomii,katedra statistiky a pravděpodobnosti,8. 12. 2024,4. 2. 2025,"this study compares frequentist and bayesian approaches to logistic regression using real-world data, with a particular focus on the impact of informative and non-informative priors in bayesian analysis. the research is motivated by advances in computational capabilities that have made bayesian methods increasingly accessible in machine learning applications. the methodology involved splitting the dataset into two parts: a primary subset (20%) for model evaluation and a larger auxiliary subset (80%) simulating prior knowledge. three approaches were compared: classical logistic regression, bayesian logistic regression with non-informative priors, and bayesian logistic regression with informative priors. model performance was evaluated using multiple metrics including accuracy, precision, recall, f1-score, and roc-auc score, along with an analysis of 95% confidence intervals (ci) as well as credible intervals . results demonstrate that while classical and non-informative prior bayesian approaches showed similar performance, the bayesian model with informative priors achieved superior results with an accuracy of 0.83 (compared to 0.78), f1-score of 0.85 (versus 0.81), and notably higher roc-auc of 0.93 (versus 0.81). the most significant improvement was observed in parameter uncertainty estimation, where the credible interval length undergone an average reduction of 15.1% compared to the classical approach, with improvements ranging from 10.3% to 28.2% across different variables.",bayesian statistics; logistic regression; informative priors; machine learning; confidence intervals,https://insis.vse.cz/zp/88781,1501,False,0.6624611616134644,True,0.92,True
2025,Modernizace Shibboleth IdP serveru pomocí Ansible automatizace pro zlepšení krizového řízení v univerzitním prostředí,kosíková eliška,https://vskp.vse.cz/95218_modernizace-shibboleth-idp-serveru-pomoci-ansible-automatizace-pro-zlepseni-krizoveho-rizeni-v-univerzitnim-prostredi?type=Bakal%C3%A1%C5%99sk%C3%A1+pr%C3%A1ce&year=2025&page=36,modernizing shibboleth idp server using ansible automation to enhance crisis management in a university environment,english,fakulta informatiky a statistiky,aplikovaná informatika,katedra informačních technologií,9. 12. 2024,30. 1. 2025,"following thesis aims to modernize the shibboleth identity provider server infrastructure at the prague university of economics and business by implementing ansible automation. the primary business goal is to enhance the efficiency and reliability of the university’s linux server deployment processes, improve disaster recovery capabilities, and optimize overall server administration and management.  the thesis begins with an analysis of the current state of authentication servers at the university, highlighting the limitations of manual server deployment and upgrades, which lacked standardized procedures and documentation. this approach resulted in inefficient workflows, consuming considerable time and resources. this thesis further explores the role of ansible in server and application deployment and management and identifies areas that could benefit from automation. it also examines how documentation is used as a code.  additionally, the thesis details the creation of new ansible roles designed to automate shibboleth identity provider server deployment tasks. it explains their implementation, evaluates their effectiveness, and demonstrates how the solution contributes to the optimization of server management at the university.",disaster recovery; ansible; server lifecycle management; server administration; university it infrastructure; automation,https://insis.vse.cz/zp/88711,1248,False,0.5757863521575928,False,0.0,False
2025,Objektivní porovnání kvality video kódovacího standardu Versatile Video Coding,pydych tomáš,https://vskp.vse.cz/92812_objektivni-porovnani-kvality-video-kodovaciho-standardu-versatile-video-coding?type=Bakal%C3%A1%C5%99sk%C3%A1+pr%C3%A1ce&year=2025&page=37,an overview and comparison of the versatile video coding standard,english,fakulta informatiky a statistiky,aplikovaná informatika,katedra multimédií,9. 12. 2024,29. 1. 2025,"this thesis mainly focuses on the versatile video coding standard. it goes over the history of relevant video coding technologies of the same nature, giving a brief rundown of significant details of each piece of technology, with illustrations throughout. it tells about the development of versatile video coding and relevant context, ending that section with a report about industry adoption of this technology and some future projections. it goes into detail about specific improvements upon preceding technology, alongside all relevant context thereof. in the methods section, it describes ways in which metrics of the quality of video footage can be objectively measured, calculated and compared. the next section presents the reader with results of objective video testing performed. measured data suggests that the vvc codec is generally superior to prior video coding technology in quality. available data seems to hint at vvc seeing wider adoption in future, despite competition. a window into performance aspects of this technology, that this thesis gives, should inform the author of those aspects as well, and help them choose between some of the presets vvc works on.",video coding; video compression; standardization,https://insis.vse.cz/zp/86561,1179,False,0.7196149826049805,False,0.0,False
2025,Self-Corrective Assistant for Software Development,obukhov maksim,https://vskp.vse.cz/95032_self-corrective-assistant-for-software-development?type=Bakal%C3%A1%C5%99sk%C3%A1+pr%C3%A1ce&year=2025&page=37,self-corrective assistant for software development,english,fakulta informatiky a statistiky,data analytics,katedra informačních technologií,5. 12. 2024,29. 1. 2025,"programming plays a central role in modern problem-solving. the advent of large language models (llms) has significantly advanced program synthesis, facilitating automatic code generation. however, llms still struggle with complex algorithmic problems required developer&apos;s thinking and precision in implementation. this study introduces a self-corrective multi-agent system designed to enhance the problem-solving abilities of llms. the system employs a graph-based workflow with seven specialised agents: simplifier, self-retrieval, planning, ranking, test case generator, coding, and an iterative self-correction agent, along with a code execution node. these agents work together to break down problems, retrieve relevant data, generate and evaluate multiple solutions, test the generated code, and refine it iteratively. the system&apos;s performance is evaluated using deepmind&apos;s codecontests dataset, benchmarking it against established models like reflexion, alphacodium, and mapcoder. the proposed system outperforms existing baselines, achieving a pass@1 rate of 26.50% and a pass@4 rate of 35.04%. in terms of cost effectiveness, it demonstrates an average cost per problem of $0.0883 and an average token usage of 17,082.46 tokens per solution, outperforming state-of-the-art models in both efficacy and efficiency.",large language models; code generation; algorithmic problem-solving; multi-agent system; competitive programming,https://insis.vse.cz/zp/88256,1336,False,0.8187132477760315,True,0.99,True
2025,Rozhraní webové aplikace pro správu vztahů se zákazníky ve španělském agriturismu,nazarov grigorii,https://vskp.vse.cz/95231_rozhrani-webove-aplikace-pro-spravu-vztahu-se-zakazniky-ve-spanelskem-agriturismu?type=Bakal%C3%A1%C5%99sk%C3%A1+pr%C3%A1ce&year=2025&page=38,web application user interface for customer relationship management in spanish agritourism,english,fakulta informatiky a statistiky,informační média a služby,katedra informačního a znalostního inženýrství,9. 12. 2024,27. 1. 2025,"bachelor’s thesis focuses on the design and implementation of the user interface and user experience for a web application aimed at customer relationship management in spanish agritourism. the primary objective is to create a responsive and visually ap-pealing front-end architecture that integrates with an existing backend system. this work forms a part of a larger project to develop a comprehensive digital solution for the agritourism sector. the proposed application addresses challenges faced by small and medium farms with limited digital accessibility by providing tools for farm profile management, event crea-tion, and visitor interaction. insights for the development process are gathered through farm visits in asturias, spain, informal discussions with farmers, and an analysis of agri-cultural data to identify market trends and challenges. the front-end is developed using modern web technologies such as vue.js, nuxt 3, and quasar to deliver a high-performing and user-friendly interface tailored to the specific needs of agritourism. the application is validated by user testing, providing valuable insights for future improvements and validating the application&apos;s functionality and intu-itiveness.",web application; vue.js; nuxt 3; user interface; agritourism; front-end; quasar,https://insis.vse.cz/zp/86885,1221,False,0.5575208067893982,False,0.0,False
2025,Mezinárodní filmové festivaly jako ukazatele trendů ve filmové produkci,permiakova sofia,https://vskp.vse.cz/95181_mezinarodni-filmove-festivaly-jako-ukazatele-trendu-ve-filmove-produkci?type=Bakal%C3%A1%C5%99sk%C3%A1+pr%C3%A1ce&year=2025&page=39,international film festivals as indicators of trends in film production,english,fakulta informatiky a statistiky,multimédia v ekonomické praxi,katedra multimédií,8. 12. 2024,22. 1. 2025,"this thesis explores the influence of sociocultural or political agendas on the success of films at international film festivals and their impact on global film production trends. by analysing films awarded at major festivals over the past decade, this study tests two hypotheses: films that are in line with liberal values are more likely to win awards, and such recognition significantly influences global film production. employing a mix of quantitative and qualitative methods, including thematic analysis and statistical tests, the research examines the prevalence and effects of themes aligned with liberal values in films. the findings indicate that while sociocultural and political themes are common in award-winning films, their presence does not statistically increase the likelihood of winning. additionally, the themes of award-winning films do not necessarily dictate the thematic direction of global film production. this study contributes to the understanding of the cultural role of film festivals, suggesting that while they showcase relevant sociocultural issues, they do not necessarily determine production trends.",political influence in cinema; liberal values in film; global film production trends; thematic analysis in film; international film festivals,https://insis.vse.cz/zp/88844,1135,False,0.5375053882598877,False,0.0,False
2025,Investování s dopadem: Optimalizace portfolia v oblasti konzervačních financí,gallová nikola,https://vskp.vse.cz/94862_investovani-s-dopadem-optimalizace-portfolia-v-oblasti-konzervacnich-financi?type=Bakal%C3%A1%C5%99sk%C3%A1+pr%C3%A1ce&year=2025&page=41,impact investing: portfolio optimization in conservation finance,english,fakulta informatiky a statistiky,matematické metody v ekonomii,katedra ekonometrie,26. 6. 2025,2025,"this bachelor‘s thesis focuses on conservation finance from the perspective of private investors. while conservation efforts have traditionally relied on public funding and philanthropy, these sources are increasingly insufficient. the thesis evaluates accessible financial instruments – specifically green energy stocks, carbon credit etfs, and green bond etfs – to assess their potential for aligning environmental impact with investor returns. these instruments provide a sustainable alternative to conventional instruments. portfolios are constructed using the markowitz mean-variance model and the mean-semivariance model. mean-variance model is a standard approach; however, it comes with limitations, especially for skewed or asymmetrical returns. mean-semivariance model accounts only for downside risk and is therefore better suited for real-world scenarios. to demonstrate the different results, both models were applied to the dataset. efficient frontiers are generated for daily, monthly, and quarterly return frequencies. the frequency of returns influences asset allocation within a portfolio. both short-term and long-term return frequencies offer advantages, which may be more or less suitable depending on the investor&apos;s individual preferences and investment horizon. for each frequency, portfolios with minimum risk and maximum sharpe ratio in the case of the mean-variance model and minimum risk and maximum sortino ratio in the case of the mean-semivariance model are identified and compared in terms of return and volatility. the results demonstrate that conservation finance offers viable options for retail investors, depending on their risk tolerance and investment horizon.",sharpe ratio; mean-variance; mean-semivariance; markowitz; sortino ratio; conservation finance; efficient frontier,,1703,False,0.5905582308769226,False,0.0,False
2026,Zůstat nebo odejít: Analýza faktorů ovlivňujících rozhodování zahraničních studentů v České republice,iakovleva valeriia,https://vskp.vse.cz/96908_zustat-nebo-odejit-analyza-faktoru-ovlivnujicich-rozhodovani-zahranicnich-studentu-v-ceske-republice?type=Bakal%C3%A1%C5%99sk%C3%A1+pr%C3%A1ce&year=2026&page=2,stay or leave: an analysis of decision-making factors among international students in the czech republic,english,fakulta informatiky a statistiky,matematické metody v ekonomii,katedra ekonomické statistiky,8. 12. 2025,4. 2. 2026,"this thesis analyses decision-making factors of international student post-study stay or departure in the czech republic. drawing on survey data from international degree-seeking students, provided by the czech national agency for international education and research (dzs), it uses binary logistic regression to investigate how student experience factors and demographic variables relate to this intention. key findings indicate that the strongest predictors are the student&apos;s country of origin and their work intensity during studies. high academic satisfaction, positive social integration, and satisfaction with pre-arrival bureaucratic procedures also emerged as significant factors positively associated with the intention to stay. the thesis has implications for czech higher education institutions and policymakers in developing conditions for the post-study stay of international graduates, benefiting both the graduates and the host nation.",international students; post-graduation intentions; logistic regression; work intensity; social integration; country of origin; czech republic; higher education; bureaucracy; academic satisfaction,https://insis.vse.cz/zp/90110,955,False,0.5204043388366699,False,0.0,False
2026,Grafové neuronové sítě pro klasifikaci obrazu: empirické porovnání s konvolučními sítěmi,rychnovská hedvika,https://vskp.vse.cz/98919_grafove-neuronove-site-pro-klasifikaci-obrazu-empiricke-porovnani-s-konvolucnimi-sitemi?type=Bakal%C3%A1%C5%99sk%C3%A1+pr%C3%A1ce&year=2026&page=3,graph neural networks for image classification: an empirical comparison with convolutional networks,english,fakulta informatiky a statistiky,data analytics,katedra informačního a znalostního inženýrství,7. 12. 2025,29. 1. 2026,"image classification is one of the core tasks in computer vision and is commonly addressed using convolutional neural networks (cnns), which are designed for grid-like data. graph neural networks (gnns), designed for graph data, offer an alternative approach by representing images as graphs and can be considered as a generalization of cnns. the goal of this thesis is to review gnns with a focus on their use in image classification, to select suitable datasets and architectures, and to compare cnns and gnns on this task. images are converted into superpixel graphs using the slic algorithm and the region adjacency graph (rag) method, and the selected models include gcn and graphsage for the gnns and two custom cnn architectures. the experiments address four aspects: accuracy, trade-off between accuracy and computational cost, the effect of the number of superpixel segments, and per-class classification. the results show that cnns achieve higher accuracy overall, while gnns perform comparably only on simpler images but offer advantages in certain efficiency-related cases. the number of superpixel segments used in graph construction was shown to influence their performance. overall, the thesis provides a theoretical background and an empirical comparison of cnns and gnns on image data across several evaluation criteria.",convolutional neural networks; image classification; graph convolutional network; graphsage; deep learning; artificial neural networks; graph neural networks; superpixels,https://insis.vse.cz/zp/92828,1337,True,0.9312771558761597,True,0.95,True
2026,Predikce ukazatelů interakce čtenářů se zprávami pomocí strojového učení,akhunova albina,https://vskp.vse.cz/96516_predikce-ukazatelu-interakce-ctenaru-se-zpravami-pomoci-strojoveho-uceni?type=Bakal%C3%A1%C5%99sk%C3%A1+pr%C3%A1ce&year=2026&page=3,predikce ukazatelů interakce čtenářů se zprávami pomocí strojového učení,english,fakulta informatiky a statistiky,data analytics,katedra informačního a znalostního inženýrství,7. 5. 2025,29. 1. 2026,"in the digital environment, where a large number of news articles are published every day, understanding the factors influencing user engagement is crucial for publishers, digital platforms, and advertisers. the level of engagement, expressed for example through the number of comments, shares, or clicks, reflects not only the attractiveness of the content but also its emotional impact and relevance. predicting this engagement based on textual features allows for estimating the potential success of an article even before its publication. at the same time, it helps publishers find a balance between creating compelling content and maintaining credibility and responsibility towards users. this bachelor’s thesis focuses on predicting user engagement with news using machine learning methods and natural language processing (nlp) techniques. the goal is to develop a model that can predict the expected level of interaction with an article based on textual elements, particularly headlines and teasers. the analysis is based on articles published on the idnes.cz portal. the thesis combines a theoretical overview of current research with the practical implementation of a machine learning model. in addition to the model’s design and training, the work also evaluates its results and suggests possibilities for further development in the field of user engagement prediction.",news; idnes.cz; machine learning; user engagement; nlp,https://insis.vse.cz/zp/91466,1379,True,0.8779901266098022,True,0.92,True
2026,Využití IP sítí pro přenos digitálního audia,capková michaela,https://vskp.vse.cz/98137_vyuziti-ip-siti-pro-prenos-digitalniho-audia?type=Bakal%C3%A1%C5%99sk%C3%A1+pr%C3%A1ce&year=2026&page=4,use of ip networks for digital audio transmission,english,fakulta informatiky a statistiky,multimédia v ekonomické praxi,katedra multimédií,7. 12. 2025,28. 1. 2026,"this bachelor’s thesis explores the use of ip networks for digital audio transmission, focusing on application in professional broadcast environments. with the ongoing shift from traditional analog and digital point-to-point systems to more flexible and scalable options, audio over ip technologies have gained significant relevance. this thesis presents an overview of digital audio fundamentals, ip networks, and key ip audio solutions such as dante, aes67, and madi. the emphasis is placed on synchronization through the precision time protocol (ptp) and the challenges of interoperability between different audio solutions. the practical section examines the implementation of aoip in czech television’s mobile broadcasting unit dsng46. using five simplified network models and insights from four semi-structured interviews with engineers and crew members, the thesis analyzes how aoip technologies influence workflow and production efficiency. the findings indicate that aoip enables improved scalability, reduced cabling, and faster reconfiguration, making it suitable for mobile broadcast production. however, it also presents challenges in terms of system complexity, increased demand for network expertise, and potential limitations in device compatibility. despite these drawbacks, the benefits of aoip are evident when proper planning, training, and infrastructure are in place. the thesis concludes that aoip represents a forward-looking solution in outside broadcasting units and highlights areas for further research and improvement.",aes67; interoperability; dsng; audio over ip (aoip); digital audio; broadcast technology; synchronization; dante; madi; ip networks,https://insis.vse.cz/zp/81430,1547,False,0.7531318664550781,False,0.0,False
2026,Redesign brandingu hororového filmu,demchenko anna,https://vskp.vse.cz/96944_redesign-brandingu-hororoveho-filmu?type=Bakal%C3%A1%C5%99sk%C3%A1+pr%C3%A1ce&year=2026&page=4,redesign brandingu hororového filmů,english,fakulta informatiky a statistiky,multimédia v ekonomické praxi,katedra multimédií,8. 12. 2025,27. 1. 2026,"this bachelor thesis focuses on creating a modern branding for the horror film suspiria (1977) that ensures genre recognizability while being visually appealing to contemporary audiences. the theoretical part analyses a curated selection of horror movie posters from different decades to identify recurring visual elements that regularly appear in horror posters and help viewers recognise the genre. these insights form the basis for understanding which visual cues support genre recognition and can be effectively incorporated into a contemporary redesign. the thesis also discusses the role of film branding and posters as essential carriers of visual identity. the practical part develops a new branding concept for suspiria, consisting of a poster, a blu-ray collector’s edition, and a vinyl record design. the design process draws on visual research, mood boards, and exploration of multiple conceptual directions before establishing a final cohesive visual identity. to evaluate whether the new branding achieves genre recognizability and visual appeal, an online survey was conducted. the results indicate that the redesigned materials communicate the atmosphere and genre features of horror well and are also perceived as visually appealing by contemporary viewers. overall, the thesis demonstrates a coherent branding solution for suspiria that functions effectively across the poster, blu-ray edition, and vinyl release.",horror; poster; a24; film; branding; suspiria,https://insis.vse.cz/zp/88744,1431,False,0.524484395980835,False,0.0,False
2026,Explorativní analýza vlivu nastavení hyperparametrů agenta Q-learningu v testu algoritmického IQ,dlouhý matyáš,https://vskp.vse.cz/98957_explorativni-analyza-vlivu-nastaveni-hyperparametru-agenta-q-learningu-v-testu-algoritmickeho-iq?type=Bakal%C3%A1%C5%99sk%C3%A1+pr%C3%A1ce&year=2026&page=5,explorative analysis of the effects of hyperparameters on q-learning in the test of algorithmic iq,english,fakulta informatiky a statistiky,aplikovaná informatika,katedra informačního a znalostního inženýrství,8. 12. 2025,26. 1. 2026,"this thesis explores how q-learning hyperparameter configurations affect q-learning performance in the algorithmic intelligence quotient (aiq) test. using a dataset of 945 configurations across 100,000 interactions and 10,000 environments within the test, four analytical approaches are applied: regression models, decision trees, time series analysis and association rule mining. the findings show that learning and exploration rate influence short- and long-term performance, with higher values enabling fast initial improvement but lower values leading to stronger later aiq scores. upper extreme values of discount factor and eligibility trace decay rates were found to severely hinder performance, especially when combined with high learning rates. the analyses also reveal compensatory relationships between hyperparameters, namely the learning rates, eligibility trace decay rates and discount rates. extreme upper values of gamma or lambda are not detrimental to performance on their own, but they do result in poor performance when not compensated by a moderate value of the other parameter. higher learning rates similarly demand smaller eligibility trace decay rates. finally, a python script implementing the full suite of analyses was developed, allowing the same exploratory procedure to be applied to new aiq test data with other agents, opening an avenue for future refinement and research.",universal intelligence; reinforcement learning agents; q-learning; time series; association rules; aiq test; hyperparameters; exploratory data analysis; regression; decision trees,https://insis.vse.cz/zp/89605,1406,False,0.7614843845367432,False,0.0,False
2026,"A Comparative Analysis of Oracle and Snowflake: Evaluating Performance, Scalability, and the Shifting Landscape of Modern SQL Databases",labazina mariia,https://vskp.vse.cz/100473_a-comparative-analysis-of-oracle-and-snowflake-evaluating-performance-scalability-and-the-shifting-landscape-of-modern-sql-databases?type=Bakal%C3%A1%C5%99sk%C3%A1+pr%C3%A1ce&year=2026&page=8,"a comparative analysis of oracle and snowflake: evaluating performance, scalability, and the shifting landscape of modern sql databases",english,fakulta informatiky a statistiky,aplikovaná informatika,katedra informačních technologií,10. 5. 2026,2026,"this thesis compares oracle autonomous data warehouse and snowflake as platforms for ai-driven analytics in regulated financial environments. the comparison is based on three evaluation criteria: architectural design and workload support, performance and ai capabilities, and price and total cost of ownership. the results are validated by controlled comparative experiments on real-world test instances using a dataset on bank account fraud containing 6 million rows. a key empirical finding is the non-deterministic behaviour of snowflake cortex ai’s classification when executing identical fraud detection queries, which is structurally incompatible with audit trail integrity requirements in regulated environments and is not described in existing vendor literature. the thesis concludes that platform selection is a strategic rather than a purely technical decision, and proposes an additional hybrid deployment model for organisations with heterogeneous analytical and transactional requirements.",oracle autonomous data warehouse ; snowflake; cloud data warehouse; comparative  analysis; ai-driven analytics; financial sector; evaluation framework,,1002,False,0.7843510508537292,False,0.01,False
2026,Detection of Data Exfiltration in Enterprise Network Traffic,kinsht elizaveta,https://vskp.vse.cz/101407_detection-of-data-exfiltration-in-enterprise-network-traffic?type=Bakal%C3%A1%C5%99sk%C3%A1+pr%C3%A1ce&year=2026&page=8,a unified deep neural network model for enterprise data exfiltration detection,english,fakulta informatiky a statistiky,data analytics,katedra informačních technologií,15. 5. 2026,2026,"enterprise data exfiltration is a cross-sector problem that existing signature-based data leak prevention and detection (dlpd) systems address only partially. rule engines are accurate on known cleartext content but miss novel encodings, encrypted channels, and behaviours that blend into legitimate enterprise traffic. the academic literature on machine-learning-based detection has produced many specialised detectors for individual exfiltration vectors (dns tunnels, timing channels, side channels) but very few unified models that cover the full spectrum of mitre att&ck ta0010 techniques in a single pass. this thesis evaluates whether a single packet-level sequence model can close that gap. three classifiers are trained under matched capacity on two disjoint controlled lab captures produced by firm a: a vanilla unidirectional lstm baseline, a hierarchical-attention bidirectional gru (hagru, liu and liu, 2021), and a time-aware historical-attention lstm (th-lstm, xie et al., 2024). the captures contain fifteen mitre-mapped exfiltration scenarios and are encoded as a 31-dimensional protocol-agnostic packet-level feature vector consumed through stride-1 sliding windows of length 30. the baseline lstm reaches 0.9945 pr-auc on the held-out capture. at matched capacity, th-lstm leads the baseline on threshold-dependent metrics (f1, mcc) and wins per-technique pr-auc on 13 of 15 phases; hagru does not outperform the baseline. the contribution is a quantified coverage comparison against a deployed signature dlpd and a failure-mode decomposition rather than a production-ready detector.",sequence models; data exfiltration; network traffic classification; lstm; deep learning,,1601,False,0.8097476959228516,True,0.96,True
2026,Empirické srovnání technik augmentace textu v neuronové klasifikaci textu,tranová phuong nhi,https://vskp.vse.cz/100741_empiricke-srovnani-technik-augmentace-textu-v-neuronove-klasifikaci-textu?type=Bakal%C3%A1%C5%99sk%C3%A1+pr%C3%A1ce&year=2026&page=8,an empirical comparison of text augmentation techniques in neural text classification,english,fakulta informatiky a statistiky,data analytics,katedra informačního a znalostního inženýrství,11. 5. 2026,2026,"text classification is a fundamental task in natural language processing, and its performance depends heavily on the availability of sufficient training data. text data augmentation (tda) offers a way to artificially expand datasets by generating semantically similar variations of existing samples, potentially improving model generalization and robustness. the goal of this thesis is to review tda techniques with a focus on their application in neural text classification, to select suitable datasets and architectures, and to empirically compare the effectiveness of three augmentation methods: easy data augmentation (eda), back-translation, and a combined wordnet and glove embedding approach. the selected models are lstm and bidirectional lstm, chosen to isolate the effect of augmentation without the confounding influence of large-scale pretraining. experiments are conducted on two datasets with distinct linguistic characteristics — the ecthr a legal dataset (formal, multi-label) and a recipe reviews dataset (informal, multi-class) — under both a 50% and a 100% training data regime. the evaluation addresses three aspects: the overall impact of augmentation on classification performance, the relative benefit of augmentation in low-data versus full-data settings, and the effectiveness of individual techniques across domains with different linguistic properties. the results show that augmentation effects are highly dataset- and technique-dependent: wn+glove achieves the strongest performance on formal legal text at negligible computational cost, while back-translation yields the best results on informal reviews through structural paraphrasing, albeit at substantially higher cost. eda underperforms on short informal reviews where random word-level perturbations risk destroying sentiment-bearing content. overall, the thesis provides a theoretical background on tda and neural text classification and an empirical comparison of augmentation techniques across multiple evaluation criteria including predictive performance, class-level analysis, and computational cost.",text classification; lstm; text data augmentation; natural language processing; bidirectional lstm,,2091,True,0.8652616739273071,True,0.95,True
2026,Analýza a vizualizace dat z chytrých hodinek pomocí Power BI,boušek adam,https://vskp.vse.cz/100460_analyza-a-vizualizace-dat-z-chytrych-hodinek-pomoci-power-bi?type=Bakal%C3%A1%C5%99sk%C3%A1+pr%C3%A1ce&year=2026&page=8,analysis and visualization of smartwatch data using power bi,english,fakulta informatiky a statistiky,data analytics,katedra ekonomické statistiky,10. 5. 2026,2026,"smartwatches continuously capture and generate vast amounts of physiological data, which is typically viewed in isolation. this thesis addresses this limitation by developing a comprehensive application that puts this data into context. objective continuous data from a garmin wearable were merged with subjective data collected via a custom daily questionnaire and publicly available environmental data. the resulting power bi application features an overview dashboard for general daily, weekly, or monthly tracking, as well as a dedicated analytical dashboard for dynamically exploring relationships in the integrated data. to demonstrate the analytical capabilities of this application, a foundational population-level study examining the impact of sleep schedule irregularity on positive mood was adapted for a single-subject design. the individual analysis revealed a structural correlation between bedtime variability and sleep duration variability. furthermore, the results demonstrated that continuous day-to-day fluctuations in sleep timing (specifically sleep onset and offset) were the strongest predictors of poorer emotional states. interestingly, while the original adolescent cohort study found total sleep duration variability to be the primary driver of mood, in the case of personal adaptation, irregular bedtimes and wake times were better predictors of daily affective states for this specific individual.",analysis of sensor data; smart watch; data visualization; wearables; affective states; power bi,,1426,False,0.5010741353034973,False,0.0,False
2026,Analýza dynamiky volatility při otevření trhu s využitím vysokofrekvenčních dat,langer matyáš,https://vskp.vse.cz/100444_analyza-dynamiky-volatility-pri-otevreni-trhu-s-vyuzitim-vysokofrekvencnich-dat?type=Bakal%C3%A1%C5%99sk%C3%A1+pr%C3%A1ce&year=2026&page=8,analysis of volatility dynamics at market open using high-frequency data,english,fakulta informatiky a statistiky,data analytics,katedra ekonometrie,10. 5. 2026,2026,"this bachelor thesis tests whether the direction of the overnight gap shapes rest-of-day  realised volatility asymmetrically, and whether the realised volatility of the first 15 minutes  of trading improves the forecast accuracy of the standard har-rv model. the empirical  setup uses one-minute price data for eight large-capitalisation us equities across  the technology, financials, consumer staples, and energy sectors over 501 trading days from  january 2024 to december 2025. two hypotheses are tested. the first is directional,  predicting that a negative overnight gap generates more rest-of-day volatility than a positive  gap of equal magnitude. the second predicts that incorporating the opening 15-minute  realised volatility lowers out-of-sample forecast errors against a pre-open baseline.  the asymmetry holds at the 5% level in five of the eight stocks (nvda, msft, kmi, jpm,  visa), while consumer staples (pg, pep) and xom do not produce the predicted ordering.  the opening 15-minute predictor lowers mean absolute error in every stock and  is significant under the diebold-mariano test for all eight assets under mae loss and seven  of eight under mse loss. the first minutes of regular trading therefore carry price discovery  information that the standard har-rv specification does not absorb.",overnight gap; har-rv; high-frequency data; volatility forecasting; realised volatility,,1315,False,0.5277211666107178,False,0.0,False
2026,Možnosti použití algoritmů strojového učení v oblasti analýzy přežívání,kutukov nikolay,https://vskp.vse.cz/96926_moznosti-pouziti-algoritmu-strojoveho-uceni-v-oblasti-analyzy-prezivani?type=Bakal%C3%A1%C5%99sk%C3%A1+pr%C3%A1ce&year=2026&page=11,application of machine learning in survival analysis,english,fakulta informatiky a statistiky,data analytics,katedra informačních technologií,11. 5. 2026,2026,"this bachelor thesis focuses on the application of machine learning algorithms in the domain of survival analysis. the aim is to conduct a comparative analysis between classical survival analysis approaches and modern machine learning algorithms, assessing their performance and interpretability.",cox regression; survival analysis; machine learning; random survival forest,,296,True,0.9586877822875977,True,0.95,True
2026,"Analýza leteckého trhu: zotavení po COVID pandemii, ztracený potenciál a ekonomická omezení",šimeček eduard,https://vskp.vse.cz/100357_analyza-leteckeho-trhu-zotaveni-po-covid-pandemii-ztraceny-potencial-a-ekonomicka-omezeni?type=Bakal%C3%A1%C5%99sk%C3%A1+pr%C3%A1ce&year=2026&page=11,"assessing the aviation market: covid recovery, lost potential, and economic constraints",english,fakulta informatiky a statistiky,data analytics,katedra ekonometrie,10. 5. 2026,2026,"this thesis investigates the recovery of the global aviation industry following the shock of the covid pandemic. the primary objective is to quantify the covid impact on the aviation industry by measuring the speed of the market recovery and calculating the sector’s total lost potential. by applying the geometric distributed lag model to data from several european countries and the united states, the study determines the half-life of the crisis to measure how the initial impact gradually faded over time. additionally, a simple prediction is used to estimate the volume of lost passengers and flights. the work also explores two secondary objectives: testing the relationship between household wealth and flight demand using real wages in czechia and evaluating how energy costs influence the supply of available flights. the findings confirm that higher purchasing power increases consumer demand. however, the impact of energy costs was only partially proven, showing that jet fuel prices restrict flight supply in the united states, while crude oil prices in czechia proved statistically insignificant.",aviation industry; market recovery; covid pandemic; geometric distributed lag model; air passenger traffic; flight demand; real wages; fuel costs,,1110,False,0.6188596487045288,False,0.0,False
2026,Věrnost značce u Generace Z v segmentu dostupného luxusu prostřednictvím organického obsahu na sociálních sítích,panzer killian,https://vskp.vse.cz/100779_vernost-znacce-u-generace-z-v-segmentu-dostupneho-luxusu-prostrednictvim-organickeho-obsahu-na-socialnich-sitich?type=Bakal%C3%A1%C5%99sk%C3%A1+pr%C3%A1ce&year=2026&page=11,brand loyalty among generation z in the accessible luxury segment through organic social media content,english,fakulta informatiky a statistiky,informační média a služby,katedra systémové analýzy,11. 5. 2026,2026,"this thesis investigates how organic social media content – characterised by storytelling, perceived authenticity, and personalisation – contributes to emotional attachment and brand loyalty among generation z consumers in the accessible luxury (masstige) segment. using a sequential mixed-methods design, the study combines a quantitative content analysis of 149 instagram posts published by the czech masstige brand spill the matcha with seven qualitative semi-structured interviews with generation z consumers who follow and purchase from the brand. posts are classified into five inductively derived content archetypes and evaluated against internal reach and impression data; interview data are analysed through six-phase thematic analysis. the findings confirm all three research propositions: storytelling content – particularly founder-led, behind-the-scenes narrative – generates substantially higher audience reach than product-centred posts; perceived authenticity functions as a gating condition for trust and purchase rather than merely an engagement amplifier; and personalisation enacted through brand responsiveness and community-inspired content creation is the primary mechanism through which followers convert into loyal repeat customers. the study also surfaces two emergent findings: the inadequacy of like-to-impression ratio as an engagement proxy for educational content, and the role of ethical brand conduct as an independent condition for love-brand status among value-conscious generation z consumers. the integrated evidence supports the central argument that organic social media content employing storytelling, authenticity, and personalisation constitutes a commercially viable and replicable strategy for founder-led masstige brands seeking to build genuine, long-term relationships with generation z audiences through owned social media alone.",brand loyalty; generation z; masstige; relationship marketing; instagram; personalisation; authenticity; storytelling; emotional attachment; organic social media content,,1877,False,0.6701269745826721,False,0.01,False
2026,Kauzální vliv zdravotnických zdrojů na úmrtnost: mezinárodní komparativní analýza,hobza ondřej,https://vskp.vse.cz/100424_kauzalni-vliv-zdravotnickych-zdroju-na-umrtnost-mezinarodni-komparativni-analyza?type=Bakal%C3%A1%C5%99sk%C3%A1+pr%C3%A1ce&year=2026&page=12,causal impact of health care resources on mortality: an international comparative analysis,english,fakulta informatiky a statistiky,matematické metody v ekonomii,katedra ekonometrie,10. 5. 2026,2026,"this thesis examines the effect of healthcare resources on mortality in a panel of 127 low-, lower-middle-, and upper-middle-income countries observed from 2000 to 2018. the analysis focuses on physician density and per capita health expenditure as the main healthcare inputs, while infant mortality, under-five mortality, and maternal mortality are used as the outcome variables. to address non-stationarity and unobserved country heterogeneity, the empirical strategy combines first-differenced two-way fixed-effects models with driscoll--kraay standard errors and a double/debiased machine learning estimator for static panel data, implemented with four flexible learners.  the results provide the strongest evidence for a negative relationship between per capita health expenditure and under-five mortality. in the dml estimates, the lasso coefficient on log per-capita health expenditure for under-five mortality is approximately -0.04 and statistically significant at the five percent level, while the elastic net and random forest estimates are similar in sign and magnitude but only marginally significant. for infant mortality, the estimated health-expenditure coefficients are also negative across learners, but they do not reach conventional five-percent significance levels. physician density, by contrast, does not provide robust evidence of mortality-reducing effects once flexible functional forms are allowed. moreover, the positive physician-density coefficient is inconsistent with theoretical expectations and may reflect remaining endogeneity, including reverse causality. the interaction models likewise do not support the hypothesis that physician density becomes more effective when supported by greater nursing availability or higher health expenditure. overall, the findings suggest that health financing is more consistently related to short-run improvements in child mortality than physician availability.",causal inference; double/debiased machine learning; healthcare resources; child and maternal mortality; fixed effects,,1932,False,0.5220184326171875,False,0.0,False
2026,Srovnávací analýza nástrojů podporujících návrh modelů OntoUML,mykoliuk anastasiia,https://vskp.vse.cz/100584_srovnavaci-analyza-nastroju-podporujicich-navrh-modelu-ontouml?type=Bakal%C3%A1%C5%99sk%C3%A1+pr%C3%A1ce&year=2026&page=12,comparative analysis of tools supporting the design of ontouml models,english,fakulta informatiky a statistiky,informační média a služby,katedra informačního a znalostního inženýrství,11. 5. 2026,2026,"this thesis focuses on selected tools supporting the design of ontouml models. the main goal is to test these tools and evaluate the results. the subject of the thesis is the assessment of four ontouml modelling environments: oled, menthor editor, visual paradigm with the ontouml plugin, and openponk. the tools are evaluated with respect to their compliance with the ontouml specification, support for formal correctness, and user experience. the thesis describes the theoretical foundations of ontouml and their impact on the requirements placed on the tools. the thesis concludes with the author evaluating the testing results and formulating recommendations for tool selection based on the needs of different user profiles. based on the findings, the reader can assess the strengths and weaknesses of each tool and select the one that best fits their modelling context and requirements.",ontouml; conceptual modelling; ontology engineering; unified foundational ontology; tool evaluation,,891,False,0.5783785581588745,False,0.0,False
2026,Deep Learning in Medical Imaging: Classification of Lumbar Spine Degeneration from MRI Scans,lukešová johana,https://vskp.vse.cz/100777_deep-learning-in-medical-imaging-classification-of-lumbar-spine-degeneration-from-mri-scans?type=Bakal%C3%A1%C5%99sk%C3%A1+pr%C3%A1ce&year=2026&page=13,deep learning in medical imaging: classification of lumbar spine degeneration from mri scans,english,fakulta informatiky a statistiky,data analytics,katedra informačního a znalostního inženýrství,11. 5. 2026,2026,"the bachelor thesis focuses on the classification of lumbar spine degeneration from mri scans using deep learning methods. the theoretical background covers neural networks for image processing, including convolutional neural networks, transfer learning, vision transformers, and medical image segmentation architectures.  the practical part is based on the rsna 2024 lumbar spine degenerative classification competition. after exploratory analysis of the mri dataset, several direct classification benchmarks are trained and evaluated. since each diagnosis depends on a specific condition, imaging plane, spinal level and side, the solution is further extended into a localization-guided workflow.  the final pipeline combines anatomical localization, slice selection, roi-based classification and model ensembling for making the predictions. the results show that this task cannot be treated as simple classification framework and that incorporating anatomical structure is essential.",convolutional neural networks; vision transformers; medical imaging; lumbar spine degeneration; image classification; anatomical localization; deep learning,,986,True,0.9188934564590454,True,0.95,True
2026,Vývoj aplikace pro správu osobních financí v jazyce Python,langa lukáš,https://vskp.vse.cz/100528_vyvoj-aplikace-pro-spravu-osobnich-financi-v-jazyce-python?type=Bakal%C3%A1%C5%99sk%C3%A1+pr%C3%A1ce&year=2026&page=13,development of a personal finance application in python,english,fakulta informatiky a statistiky,aplikovaná informatika,katedra multimédií,10. 5. 2026,2026,"the fragmentation of financial data across digital services complicates personal financial over- sight. a notable market gap exists for applications that provide both user data sovereignty and the granular, collaborative permission systems required by modern households. this work addresses the resulting need for a centralized, privacy-oriented tool. the development process follows the waterfall model, ensuring a systematic transition from market analysis to technical deployment. the application leverages a unified python ecosystem, utilizing the flask framework for backend logic and reflex for a reactive, data-driven frontend, with postgresql ensuring robust data persistence. a key technical contribution of this work is the implementation of a hierarchical role-based access control system, which facilitates shared financial oversight within households while maintaining data integrity. the final result is a fully functional, production-ready platform that provides users with total data autonomy and actionable financial insights through advanced visualization.",web application; personal finance managemen; python; flask; reflex,,1074,False,0.6431424617767334,False,0.0,False
2026,Embedded zařízení pro tethered fotografování,hennel ondrej,https://vskp.vse.cz/100770_embedded-zarizeni-pro-tethered-fotografovani?type=Bakal%C3%A1%C5%99sk%C3%A1+pr%C3%A1ce&year=2026&page=14,embedded device for tethered photography,english,fakulta informatiky a statistiky,aplikovaná informatika,katedra multimédií,11. 5. 2026,2026,"tethered photography setups typically rely on a laptop running specialized software, which can introduce configuration, maintenance and security challenges in shared studio environments. this thesis proposes a solution to these workflow frictions by designing and implementing a prototype of a dedicated embedded device for tethered photography. the prototype uses a raspberry pi 5 with a 7-inch touch display as the hardware platform. an application written in python serves as the user interface and manages the camera connection. gtk is used for the ui and the libgphoto2 library is used for camera communication. this application runs on top of a custom embedded linux distribution created using the yocto project to ensure maintainability and reproducibility. testing with potential users validates the prototype and provides suggestions for future improvements. the main contribution of this thesis is a reproducible prototype based on open-source software and accessible hardware that can serve as a foundation for future work.",embedded linux; tethered photography; yocto project; raspberry pi; gtk; gphoto,,1034,False,0.743598997592926,False,0.01,False
2026,Vestavěný palubní systém pro jachtu,voženílek jan,https://vskp.vse.cz/100474_vestaveny-palubni-system-pro-jachtu?type=Bakal%C3%A1%C5%99sk%C3%A1+pr%C3%A1ce&year=2026&page=14,embedded onboard system for a yacht,english,fakulta informatiky a statistiky,aplikovaná informatika,katedra multimédií,10. 5. 2026,2026,"this bachelor thesis addresses the need for an affordable and customizable onboard navigation instrument for small recreational yachts that combines basic gnss navigation, voyage logging, and safety workflows in a purpose-built interface. the theoretical part introduces gnss positioning, marine navigation data exchange, existing chartplotter and software alternatives, and user-interface constraints in a cockpit environment. the practical part evaluates this approach through custom-built software called helm~os. it runs on a functional raspberry~pi~5-based prototype with a waveshare lc76g gnss module, touchscreen display, dc/dc power supply, and custom petg enclosure. the application is implemented natively in qt. the software receives nmea~0183 data over uart, validates and parses navigation, satellite, time, and accuracy information. it displays position, speed over ground, course over ground, and gnss status, and records voyage data in an electronic logbook with csv and gpx export. it also implements two safety workflows: man overboard and anchor alarm. the system was verified by automated unit tests, processing of a synthetic nmea replay stream, and an integrated live-gnss field test on a vessel. the result meets the main functional goals at prototype level, while remaining limited by cold-start time, brightness and viewing angles of the consumer display, touch-control limitations in wet conditions, and the absence of a certified ingress-protection rating.",nmea 0183; marine navigation; embedded system; gnss; raspberry pi; yacht; qt,,1483,False,0.6341028809547424,False,0.0,False
2026,Energetický management v rezidenčních budovách s využitím strojového učení,knotková sára,https://vskp.vse.cz/100467_energeticky-management-v-rezidencnich-budovach-s-vyuzitim-strojoveho-uceni?type=Bakal%C3%A1%C5%99sk%C3%A1+pr%C3%A1ce&year=2026&page=15,energy management in residential buildings using machine learning,english,fakulta informatiky a statistiky,aplikovaná informatika,katedra informačních technologií,10. 5. 2026,2026,"this bachelor’s thesis focuses on predictive energy-flow optimization in residential households equipped with photovoltaic (pv) systems. the main challenge in maximizing pv efficiency is the temporal mismatch between solar generation and household consumption. to address this issue, this thesis proposes a data-driven approach to demand-side management that uses machine learning to forecast and shift high-intensity thermal loads. the core of the implementation is an architecture inspired by a multi-head temporal convolutional network (tcn), designed to predict a 24-hour horizon for three critical energy-flow variables: occupancy patterns, space heating demand, and domestic hot water temperature. these variables represent the significant flexible loads in a residential environment. an accurate prediction of these demands allows for the system to schedule heating cycles to align with peak solar production, thereby increasing the household’s self-consumption ratio and reducing reliance on the external grid. the prototype is developed as a node.js model that is integrated with the home assistant ecosystem. it uses a high-frequency dataset of over 2.5 million historical telemetry rows, collected from january 1 to march 8, 2026. technical contributions include a streaming generator, a branch-free huber loss function for sensor-noise resilience, and an mqtt-based actuation loop. following this data collection, during a 14-day operational training and testing phase (march 8 to march 22), the model executed 259 continuous inference cycles successfully, and it did so directly on edge hardware. in the end, the system achieved a 93.4% reduction in mean absolute error for thermal demand prediction following a 72-hour stabilization period. furthermore, the model accurately identified unoccupied periods, yielding 178 hours of preserved energy by correctly disabling heating systems. while a strict 0.5 confidence threshold introduced a conservative bias that favored energy savings over optimal user comfort, the results demonstrate that predictive tcn-inspired modeling is a highly viable and scalable framework for reducing operating costs and improving residential energy self-sufficiency.",energy optimization; smart home; machine learning,,2208,True,0.9211878776550293,True,0.99,True
2026,Využití umělé inteligence pro zvyšování běžeckého výkonu: přístup k optimalizaci tréninku pomocí promptového inženýrství,satekova aigerim,https://vskp.vse.cz/101328_vyuziti-umele-inteligence-pro-zvysovani-bezeckeho-vykonu-pristup-k-optimalizaci-treninku-pomoci-promptoveho-inzenyrstvi?type=Bakal%C3%A1%C5%99sk%C3%A1+pr%C3%A1ce&year=2026&page=15,enhancing running performance through ai: a prompt engineering approach to  training optimization,english,fakulta informatiky a statistiky,aplikovaná informatika,katedra informačního a znalostního inženýrství,13. 5. 2026,2026,"this thesis investigates how prompt engineering can unlock the coaching potential of large-language-model (llm) assistants for half-marathon preparation. its primary objective is to design and validate a prompting framework that enables chat-based ai systems to deliver structured, personalised training plans for runners with diverse experience levels, physiological profiles, and goals. the methodology combined a literature review, a survey on the real-world use of ai coaching tools, 12 prompt trials across three runner personas using gpt-4o and gemini 2.0 pro, analysis, and evaluation of an ai-generated plan.  the evaluation assessed their personalization, balance and variety of training stimuli, clarity, effectiveness. results show that prompts incorporating detailed athlete backgrounds, time-bound goals, and clear instructions improve plan quality and effectiveness compared to prompts lacking context. while both models demonstrated comparable adherence to general training principles, gemini 2.0 pro consistently prescribed more conservative paces, whereas gpt 4o adopted a more aggressive approach. however, both models mishandled tapers and defaulted to cautious volumes and less specific workouts when specific goals were omitted. the study concludes that current llms, guided by a proposed prompting framework, can draft periodised programmes for recreational runners. however, informed human oversight remains essential for monitoring objective and subjective load markers and refining plans.",generative artificial intelligence; large language models; prompt engineering; endurance running; training plans,,1513,False,0.7333792448043823,False,0.0,False
2026,Environmentální Storytelling: Síla Vyprávění Prostřednictvím Prostoru,streltsova arina,https://vskp.vse.cz/100525_environmentalni-storytelling-sila-vypraveni-prostrednictvim-prostoru?type=Bakal%C3%A1%C5%99sk%C3%A1+pr%C3%A1ce&year=2026&page=15,environmental storytelling: the power of narration in space,english,fakulta informatiky a statistiky,multimédia v ekonomické praxi,katedra multimédií,10. 5. 2026,2026,"this bachelor thesis explores environmental storytelling as a narrative method in video games. it examines how story can be communicated through space, lighting, objects, and spatial composition without relying on spoken or written explanation. the theoretical part focuses on environmental storytelling, level design, and the relationship between player and environment. the practical part applies these principles in the creation of a 3d narrative environment set in victorian england. the project was evaluated through user testing using the think-aloud protocol and questionnaires. the results showed that the environment was generally successful in communicating the core narrative situation, while also revealing that more complex story elements may require subtle explicit support. the thesis concludes that environmental storytelling can be an effective narrative tool when the environment is designed in a clear, intentional, and visually coherent way.",game development; level design; concept art; unreal engine; environmental storytelling,,961,False,0.5842076539993286,False,0.0,False
2026,Vyhodnocení a omezení ztráty informací v souhrnech článků o ověřování klimatických faktů vytvořených pomocí umělé inteligence,zetek ondřej,https://vskp.vse.cz/100573_vyhodnoceni-a-omezeni-ztraty-informaci-v-souhrnech-clanku-o-overovani-klimatickych-faktu-vytvorenych-pomoci-umele-inteligence?type=Bakal%C3%A1%C5%99sk%C3%A1+pr%C3%A1ce&year=2026&page=15,evaluation and mitigation of information loss in ai summaries of climate fact-checking articles,english,fakulta informatiky a statistiky,data analytics,katedra informačních technologií,11. 5. 2026,2026,"this bachelor’s thesis addresses the problem of efficiently processing long fact-check articles, the use case specifically focuses on climate related articles, while preserving factual correctness and transparency for end users. the work presents the design and implementation of an interactive web application that supports article fetching from a given url address or manual text input, automatic summarization, and metric-oriented iterative refinement. the developed solution combines techniques for text fetching (including domain-aware parsing and fallback methods), preprocessing for textual noise removal, and summary generation with configurable output length. the user can regenerate summaries with length constraints and give feedback to the model, enabling control and insight into the summarization process itself. to assess summary quality beyond word overlap, the thesis integrates a multidimensional evaluation framework focused on data point coverage, dimensional completeness, and weighted coverage, as well as factuality proxies inspired by long-document evaluation research. the resulting system demonstrates that combining robust retrieval, user-guided summarization, and factuality-aware evaluation provides a practical and usable pipeline for climate fact-check summarization, and offers an option to trustworthy ai-assisted fact-checking workflows.",long-document summarization; interactive summarization; dimensional evaluation metrics; explainable fact-checking; climate fact-checking,,1371,False,0.5049917697906494,True,0.92,True
2026,Aplikace Flask pro Shromažďování Reportů,mitterpach patrik,https://vskp.vse.cz/100609_aplikace-flask-pro-shromazdovani-reportu?type=Bakal%C3%A1%C5%99sk%C3%A1+pr%C3%A1ce&year=2026&page=16,flask application for collecting reports,english,fakulta informatiky a statistiky,aplikovaná informatika,katedra multimédií,11. 5. 2026,2026,"this thesis addresses the problems of observability in modern software development and the growing need for open-source adaptability layers between different monitoring applications. main goal stated for the thesis is the development of a flask application that translates inputs from multiple reporting formats into one common format, which allows for the centralization of reporting from numerous different parts of a software stack into one common database. the theoretical part of this application aims to explain the requirement for observability from both a technical and a business side, demonstrating the devastating impact that insufficient monitoring can have on a company with specific case studies. further on, the thesis explains the different file formats commonly used in data manipulation, discusses trade-offs and uses. the practical part details the creation of application for the collection of software reports in varying formats, their translation and output in one common language. it contains the requirements for the application, high-level system design, discussion of the implementation and deployment, as well as robust automated testing. the outcome of this work is a fully functioning and deployed open-source application, thor- oughly documented, as well as supporting infrastructure for automated ci/cd building, testing and deployment.",observability;  devops; monitoring; logging; web application; open source; flask,,1367,False,0.6948287487030029,False,0.0,False
2026,Dobývání akčních pravidel akcelerované pomocí GPU a frameworku hlubokého učení,hrdonka jan,https://vskp.vse.cz/100692_dobyvani-akcnich-pravidel-akcelerovane-pomoci-gpu-a-frameworku-hlubokeho-uceni?type=Bakal%C3%A1%C5%99sk%C3%A1+pr%C3%A1ce&year=2026&page=17,gpu-accelerated action rule mining with a deep learning framework,english,fakulta informatiky a statistiky,aplikovaná informatika,katedra informačního a znalostního inženýrství,11. 5. 2026,2026,"this work focuses on a python-based implementation of an action rule mining algorithm built on the apriori principle, called action-apriori (sýkora, 2024). the original implementation relied heavily on the pandas library for data processing. in this work, pandas was replaced with pytorch, resulting in a significant performance improvement. the proposed solution also enables gpu acceleration, which is particularly beneficial for large datasets and improves scalability for computationally intensive workloads. although the optimizations presented lead to substantial performance gains, further improve- ments remain possible. in particular, future work may explore alternative approaches to action rule mining based on different algorithmic paradigms that may offer better scalability or efficiency.",frequent itemset mining; apriori; action rules; pytorch; gpu acceleration; cuda; parallel computing,,802,False,0.7810723185539246,False,0.0,False
2026,Grafové neuronové sítě pro klasifikaci textu: empirické srovnání s rekurentními sítěmi,felcán tomáš,https://vskp.vse.cz/100542_grafove-neuronove-site-pro-klasifikaci-textu-empiricke-srovnani-s-rekurentnimi-sitemi?type=Bakal%C3%A1%C5%99sk%C3%A1+pr%C3%A1ce&year=2026&page=17,graph neural networks for text classification: an empirical comparison with recurrent networks,english,fakulta informatiky a statistiky,data analytics,katedra informačního a znalostního inženýrství,11. 5. 2026,2026,"text classification assigns a piece of text to one of a set of predefined categories and is used in applications   such as sentiment analysis and topic categorization. while pre-trained transformers currently dominate the field,   lighter models remain relevant in practice. among these, graph neural networks (gnns) have been proposed as an   alternative to recurrent networks, representing text as a graph rather than a sequence. however, it is not well   established whether the graph structure actually adds value over a sequential baseline. the goal of this thesis is    to compare textgcn and texting against a bilstm baseline across several experimental conditions. experiments are   conducted on two datasets, movie review (binary sentiment) and 20 newsgroups (20-class topic classification), and    cover accuracy, data efficiency, hyperparameter sensitivity, preprocessing, and ablation of graph components. the   results show that no single model was best on both datasets. bilstm was strongest on short sentiment data, while   textgcn was strongest on longer topic data. texting did not clearly outperform bilstm on either dataset, and its   graph components did not measurably contribute to its accuracy. overall, the thesis provides a theoretical   background and a systematic empirical comparison of the three models.",text classification; word embeddings; natural language ; recurrent neural networks; bidirectional    lstm; texting; textgcn; graph convolutional network; graph neural networks,,1332,False,0.8295028209686279,True,0.96,True
2026,"Integrace OpenTelemetry do komponent Wren:AM, Wren:IDM a Wren:DS",domokošová adéla,https://vskp.vse.cz/100224_integrace-opentelemetry-do-komponent-wren-am-wren-idm-a-wren-ds?type=Bakal%C3%A1%C5%99sk%C3%A1+pr%C3%A1ce&year=2026&page=18,"integrating opentelemetry with wren:am, wren:idm and wren:ds",english,fakulta informatiky a statistiky,aplikovaná informatika,katedra informačních technologií,6. 5. 2026,2026,"modern distributed software systems are inherently complex, making them difficult to understand and diagnose. as the industry shifts toward standardised observability to gain deeper system insights, the main goal of this thesis is to develop a proof of concept integration of opentelemetry into a distributed identity and access management (iam) platform. the platform consists of wren:am, wren:idm, and wren:ds components.  the first part of the thesis introduces the methodology, the state of the art in software observability, the wren security platform and some of its components. the second part describes the architecture and implementation of the observability stack, including the opentelemetry java agent and collector, storage, and grafana dashboards.  the proposed solution is evaluated through simulated use cases, including high traffic load and sub-system failure. finally, the thesis summarises the benefits of the implementation and identifies technical limitations.",opentelemetry; observability; iam; wren security; telemetry,,982,False,0.7062174081802368,False,0.0,False
2026,Paměťově Efektivní Bitové Optimalizace Pro Action Rule Mining Na GPU,karpe vladislav,https://vskp.vse.cz/100685_pametove-efektivni-bitove-optimalizace-pro-action-rule-mining-na-gpu?type=Bakal%C3%A1%C5%99sk%C3%A1+pr%C3%A1ce&year=2026&page=21,memory-efficient bit-level gpu optimizations for action rule mining,english,fakulta informatiky a statistiky,aplikovaná informatika,katedra informačního a znalostního inženýrství,11. 5. 2026,2026,"action rule mining identifies attribute changes that move records from an undesired to a desired class. this thesis rebuilds the action-apriori algorithm around a packed-bitset rep- resentation: support for many candidates is counted in a single bitwise pass, executed on the cpu or by a custom cuda kernel on the gpu. an autotuner selects the backend from dataset characteristics, and an asynchronous warmup overlaps cuda initialization with data preprocessing. on three real classification datasets, the autotuned miner is an order of magnitude faster than the reference action-rules package on the smaller two. on the largest, it finishes in 1.5 seconds while the reference does not complete within fifteen minutes; peak ram on the adult dataset drops from 2.3 gb to 42 mb. the same bitset core is also exposed as a standalone frequent-itemset miner, beating pyfim eclat — the fastest python implementation tested — on the largest dataset. every configuration produces identical rule sets, so the runtime gains do not change what the miner finds.",gpu acceleration; cuda; parallelization; packed bitsets; action rule mining; frequent itemset mining; open-source; action-apriori,,1049,False,0.7853009104728699,False,0.05,False
2026,Výkonnost ansámblových metod pro ekonomické predikce: Hodnocení baggingu při predikci indexu cen nemovitostí,pilipas oleksandr,https://vskp.vse.cz/98966_vykonnost-ansamblovych-metod-pro-ekonomicke-predikce-hodnoceni-baggingu-pri-predikci-indexu-cen-nemovitosti?type=Bakal%C3%A1%C5%99sk%C3%A1+pr%C3%A1ce&year=2026&page=24,performance of ensemble methods for economic forecasting: evaluating bagging in predicting house price index,english,fakulta informatiky a statistiky,data analytics,katedra ekonometrie,8. 12. 2025,2026,"this thesis examines ensemble learning, particularly bagging, for forecasting the uk housing price index (hpi) using quarterly data from 1968–2024, harmonized and second-order dif- ferenced for stationarity. a rolling expanding-window compares arima, bagged arima, mlp, bagged mlp, lstm, and random forest across one- to four-quarter horizons using mae and rmse. results show bagged neural nets markedly reduce variance and enable uncertainty quantification; arima remains most accurate short-term, while deep ensembles improve longer-horizon predictions. the contribution includes a uniform evaluation frame- work and analysis of the accuracy–complexity–cost trade-off.",house price index; ensemble learning; time series forecasting; bagging,,670,True,0.9132013916969299,False,0.0,True
2026,Predikce výsledků kola ve hře Counter-Strike 2 za pomoci strojového učení,čech ondřej,https://vskp.vse.cz/100656_predikce-vysledku-kola-ve-hre-counter-strike-2-za-pomoci-strojoveho-uceni?type=Bakal%C3%A1%C5%99sk%C3%A1+pr%C3%A1ce&year=2026&page=25,predicting round outcomes in counter-strike 2 using machine learning,english,fakulta informatiky a statistiky,data analytics,katedra ekonometrie,11. 5. 2026,2026,"this thesis develops machine-learning models for estimating in-round win probability in counter-strike 2, a competitive first-person shooter with a professional esports scene. the dataset consists of 226,466 game-state snapshots extracted from 764 parsed map demos of nine professional tournaments played across eight maps in 2025 and 2026. a hybrid sampling strategy triggers observations at kills, bomb plants, and round boundaries, supplemented by fixed-interval snapshots during quieter periods. each snapshot aggregates player-level data into team-level features covering survival state, economy, loadout composition, spatial positioning, and short-term momentum. ten feature-set variants of increasing complexity are evaluated through a two-phase model-selection procedure applied independently to two model families, gradient-boosted trees (xgboost) and feed-forward neural networks. both families select the same 43-feature spatial set. on the held-out test set, xgboost achieves a log loss of 0.4272 and an accuracy of 77.85 %, while the neural network achieves a log loss of 0.4294 and an accuracy of 77.76 %. the near-identical performance indicates that both architectures extract the available predictive signal from team-level tabular features to a similar degree. shap-based interpretation shows that both models rely most on player survival counts, health totals, and equipment value, with eight of their ten most important features in common. prediction difficulty decreases as rounds progress, from a log loss around 0.53 at round start to below 0.15 in the final 20 seconds of the bomb timer.",counter-strike 2;  in-round win probability; esports analytics; shap; demo parsing,,1611,True,0.9553678035736084,False,0.01,True
2026,Predikce úspěšnosti přestupů fotbalových hráčů,trunečka marek,https://vskp.vse.cz/100489_predikce-uspesnosti-prestupu-fotbalovych-hracu?type=Bakal%C3%A1%C5%99sk%C3%A1+pr%C3%A1ce&year=2026&page=25,prediction of the success of football player transfers,english,fakulta informatiky a statistiky,data analytics,katedra ekonometrie,10. 5. 2026,2026,"global spending on international transfer fees in men&apos;s professional football reached 8,59 billion us dollars in 2024, yet a substantial share of high-fee transfers fails to translate into regular playing time at the new club. this thesis examines whether pre-transfer on-field statistics can predict whether a transfer between clubs in the five major european leagues results in the player becoming a regular starter at his new club. a dataset combining transfer records from transfermarkt with performance statistics from fbref and understat is constructed, covering all transfers between top-five-league clubs across the 2016/17 to 2023/24 seasons. the dependent variable is binary, following graham&apos;s 50 percent rule. separate probit models are estimated for each of five position groups, with predictors selected by bidirectional stepwise selection using aic. out-of-sample sensitivity varies substantially by position, ranging from 67,5 percent for centre backs to 47,3 percent for midfielders. the retained predictors differ markedly across positions, validating a position-specific specification. age remains a statistically significant predictor in four of the five models even when transfer fee is excluded, confirming its role as a genuine career-trajectory variable rather than a proxy for fee.",position-specific models; european leagues; probit regression; transfer success; football transfers,,1316,False,0.6074327230453491,False,0.0,False
2026,Regionální rozdíly v nemocniční úmrtnosti v České republice,soboleva ekaterina,https://vskp.vse.cz/100395_regionalni-rozdily-v-nemocnicni-umrtnosti-v-ceske-republice?type=Bakal%C3%A1%C5%99sk%C3%A1+pr%C3%A1ce&year=2026&page=27,regional heterogeneity in czech hospital mortality,english,fakulta informatiky a statistiky,data analytics,katedra ekonometrie,10. 5. 2026,2026,"this paper explores whether the in-hospital mortality rates vary across regions of the czech republic once differences in patient groups are taken into account. using official aggregated data from the years 2003 to 2024, the research iterates through a database of roughly 18,500 cells based on the patient’s region, year, age, sex, admission type and type of disease. the analysis uses a statistical model that adjusts the influence of the different mix of patients arriving to the hospitals in different regions. the aim is to minimize the effect of some regions naturally having higher death rates because they treat patients with more severe diagnoses or have more emergency cases. the study also accounts for the fact that some data groups are much larger than others and that patterns in one region tend to stay similar over time.",in-hospital mortality; case-mix adjustment; fixed effects,,836,False,0.5474833250045776,False,0.0,False
2026,Regularizační Techniky pro Konvoluční Neuronové Sítě v Klasifikaci: Empirické Srovnání,danko lukáš,https://vskp.vse.cz/100385_regularizacni-techniky-pro-konvolucni-neuronove-site-v-klasifikaci-empiricke-srovnani?type=Bakal%C3%A1%C5%99sk%C3%A1+pr%C3%A1ce&year=2026&page=27,regularization techniques for convolutional neural networks in classification: an empirical comparison,english,fakulta informatiky a statistiky,data analytics,katedra informačního a znalostního inženýrství,9. 5. 2026,2026,"this thesis investigates the effectiveness of regularization techniques for convolutional neural networks, specifically for image classification. overfitting remains one of the biggest challenges when creating a working neural network, particularly if it is a deep neural network or when working with complex training data. a wide range of regularization techniques have been created, five were selected for evaluation in this thesis: label smoothing, dropblock, saliencymix, stochastic weight averaging (swa) and sharpness aware minimization (sam). experiments are conducted across two datasets: oxford-iiit pet and stl10 and two architectures: resnet-18 and a custom simple cnn. this allows for a fair comparison across different levels of model complexity and dataset difficulty. an additional experiment was conducted using 20% of the training data to test the techniques under the condition of limited training data. the results show that label smoothing achieved the best average test accuracy, while dropblock achieved the best balance between test accuracy and generalization gap. saliencymix showed inconsistency, performing well on the simpler dataset and poorly on the more difficult one. sam severely overfitted when used with resnet-18, likely due to the short training length, while swa underperformed relative to expectations, most likely due to the limited number of epochs. when faced with limited training data, data augmentation techniques, saliencymix, showed a large improvement over the other techniques, which is consistent with literature. the conclusion of this thesis is that no single regularization technique is the best across all datasets and architectures, and their selection needs to be carefully guided by every aspect of the neural network and dataset.",regularization techniques; neural networks; image classification; deep learning,,1787,True,0.9196353554725647,True,0.95,True
2026,Vztahy mezi vícero produkty: simulační rámec a analýza,viktora david,https://vskp.vse.cz/100644_vztahy-mezi-vicero-produkty-simulacni-ramec-a-analyza?type=Bakal%C3%A1%C5%99sk%C3%A1+pr%C3%A1ce&year=2026&page=27,relationships among multiple products: a simulation framework and analysis,english,fakulta informatiky a statistiky,data analytics,katedra ekonometrie,11. 5. 2026,2026,"market-basket measures of product relationships often rely on the idea that related products tend to appear in baskets with a similar set of other products. product relation correlation (prc) formalizes this idea as the correlation between the co-purchase profiles of two products, and empirically tends to be higher for substitutes and complements and lower for independent products. standard demand analysis classifies product relationships through cross-price elasticities, but does not explain why independent products should display less similar purchasing patterns with the rest of the assortment. we study this question by simulating demand data with the almost ideal demand system (aids), where relationships are known by construction, and solving the constrained non-negative demand problem. in the simulations, prc reaches its minimum near independence and rises as products become stronger substitutes or complements; a similar pattern appears in cross-price elasticities. the pattern is connected to crowding-out: near independence, shared complementary products are more likely to drop out of the basket, mechanically lowering co-purchase similarity. the results suggest that prc may be read as a general measure of product relatedness rather than of substitutability or complementarity.",product relationships; product relation correlation; market basket analysis; almost ideal demand system; monte carlo simulation,,1300,False,0.5033443570137024,False,0.03,False
2026,Prostorové přelévací efekty kriminality v evropských regionech NUTS 2: Role migrace,kresanič peter,https://vskp.vse.cz/100393_prostorove-prelevaci-efekty-kriminality-v-evropskych-regionech-nuts-2-role-migrace?type=Bakal%C3%A1%C5%99sk%C3%A1+pr%C3%A1ce&year=2026&page=28,spatial spillover effects of crime across european nuts 2 regions: the role of migration,english,fakulta informatiky a statistiky,data analytics,katedra ekonometrie,11. 5. 2026,2026,"this thesis employs spatial econometric methods to analyze crime spillover across european nuts 2 regions, emphasizing spillovers driven by migration. it specifically examines the interaction between migration flows and crime rates among neighboring regions. the analysis will also control for socioeconomic and demographic characteristics of the given regions for more robust results.",spatial econometrics; migration and crime; crime spillovers,,385,False,0.5768726468086243,False,0.0,False
2026,Štýlometrická analýza správ o udržateľnosti US a Európskych B Corp spoločností,müllerová alexandra,https://vskp.vse.cz/100438_stylometricka-analyza-sprav-o-udrzatelnosti-us-a-europskych-b-corp-spolocnosti?type=Bakal%C3%A1%C5%99sk%C3%A1+pr%C3%A1ce&year=2026&page=31,stylometric analysis of sustainability reporting in us & european b corps,english,fakulta informatiky a statistiky,data analytics,katedra informačních technologií,11. 5. 2026,2026,"as sustainability reporting becomes increasingly widespread, concerns about the  authenticity of corporate environmental and social claims have grown alongside it.  greenwashing, understood as the misrepresentation of a company&apos;s sustainability  performance, is difficult to prove directly. existing detection approaches range from  quantitative index construction to complex nlp-based methods. this thesis explores  whether stylometry, a discipline that treats writing style as a set of measurable quantitative  parameters, can serve as a surface-level proxy for distinguishing sustainability reports  across two dimensions: b corp certification status and geographic origin (eu vs. us) within  the food and beverage industry.  a dataset of 40 sustainability reports was collected, comprising ten reports per subgroup:  eu b corps, eu non-b corps, us b corps, and us non-b corps. a preprocessing pipeline  was constructed, consisting of pymupdf-based text extraction, rule-based cleaning, and  llm-assisted filtering using the gemma3:27b-it-qat model to retain only narrative prose.  six stylometric markers were computed for each report: truncated passive voice ratio, active  past ratio, committed future ratio, sentence-level lexical repetitiveness, hedging term  density, and text complexity as measured by the gunning fog index. group differences were  evaluated using permutation tests, measuring the differences in medians. for the false  discovery rate correction, the benjamini-hochberg correction was applied separately within  each hypothesis family.  before correction, four comparisons reached conventional significance: passive voice use in  both regional comparisons, active past use among b corp certified companies, and  readability among us-based companies, with the regional comparisons producing large  effect sizes. after fdr correction, two findings were retained: passive voice use and active  past use, both among certified companies comparing eu and us groups. these patterns  suggest that regional reporting culture, potentially shaped by differences in regulatory  context between the eu and the us, accounts for the most pronounced stylometric variation  in this sample, rather than certification status.  no statistically significant stylometric differences were detected between b corp-certified  and non-certified companies after correction, suggesting that certification may shape the  content of sustainability disclosures without systematically altering their linguistic form.  overall, the results caution against treating individual stylometric markers as standalone  indicators of greenwashing risk. they may, however, serve as useful contextual signals when  combined with claim-level verification or quantitative esg data.",stylometry; sustainability reporting; stylometric features; natural language processing; nlp; corporate sustainability reporting; communication; environment; b corporation; b  corps,,2767,False,0.5292882919311523,False,0.01,False
2026,Efektivnost finančních trhů: empirická analýza indexu DXY a rozvíjejících se trhů,sidenko rostislav,https://vskp.vse.cz/100397_efektivnost-financnich-trhu-empiricka-analyza-indexu-dxy-a-rozvijejicich-se-trhu?type=Bakal%C3%A1%C5%99sk%C3%A1+pr%C3%A1ce&year=2026&page=31,testing market efficiency: evidence from the us dollar index and emerging markets,english,fakulta informatiky a statistiky,matematické metody v ekonomii,katedra ekonometrie,10. 5. 2026,2026,"his bachelor thesis investigates whether financial markets contain exploitable predictive structure or are efficient in the weak and semi-strong forms of the efficient market hypothesis (emh). the analysis focuses on two liquid instruments that represent different segments of the global financial system: the u.s. dollar index (dxy), as a proxy for a mature developed market, and the ishares msci emerging markets etf (eem), as a benchmark for emerging equity markets. the thesis develops a forecasting framework that combines traditional time-series econometrics with modern machine learning techniques to assess the predictability of returns relative to a simple benchmark model, and to systematically model the conditional volatility. by comparing results across dxy and eem, the study examines how market maturity and institutional quality shape the limits of predictability, and whether advanced predictive algorithms translate into economically meaningful gains for active trading strategies.","machine learning,; efficient market hypothesis,; emerging markets; time series forecasting,; us dollar index; predictive modelling; volatility modelling",,999,False,0.6141440272331238,False,-1.0,False
2026,Geolokace textu na základě pojmenovaných entit a znalostních bází,palyzová adéla,https://vskp.vse.cz/100986_geolokace-textu-na-zaklade-pojmenovanych-entit-a-znalostnich-bazi?type=Bakal%C3%A1%C5%99sk%C3%A1+pr%C3%A1ce&year=2026&page=31,text geolocation based on named entities and knowledge bases,english,fakulta informatiky a statistiky,aplikovaná informatika,katedra informačních technologií,13. 5. 2026,2026,"this thesis examines how geolocation systems perform on indirect locational reference - texts where location must be inferred without explicit place names, where toponyms are ambiguous, or where entity names are shared across multiple real-world referents in different places. these cases represent a documented failure boundary for standard geoparsing but have not been evaluated under controlled conditions in existing benchmarks. a synthetic dataset of 360 entries is constructed around three signal types: indirect entity inference (no toponym present), ambiguous toponyms, and ambiguous entity names. seven pipeline architectures drawn from three paradigms - two-stage entity linking, end-to-end entity linking, and prompt-engineered large language models - are evaluated against this benchmark across clean and noisy conditions, two text formats, and six continents. the findings show that no single paradigm dominates across all three signal types. entity linking handles ambiguous toponyms most reliably; large language models handle indirect inference better due to their parametric world knowledge; ambiguous entity names remain hard for all systems. a routing architecture that selects between entity linking and an llm per text achieves the most consistent performance on clean data but proves fragile under noise. geographic bias toward europe and north america is present in every pipeline tested. results are validated against geocorpora real tweets, confirming the paradigm patterns transfer beyond synthetic data. the thesis contributes a reusable benchmark isolating signal types that aggregate evaluations obscure and demonstrates that combining existing paradigms is more effective than any single one - while arguing that the field should work toward unified models capable of handling both indirect inference and toponym disambiguation natively.",geolocation from text; natural language processing; indirect locational reference; toponym disambiguation; geoparsing; named entity recognition; wikidata; geographic information systems; entity linking; large language models,,1867,False,0.6263130307197571,False,0.0,False
2026,Time series analysis and short-term prediction of particle pollution in Central Europe (1990-2022),hujerová lucie,https://vskp.vse.cz/99365_time-series-analysis-and-short-term-prediction-of-particle-pollution-in-central-europe-1990-2022?type=Bakal%C3%A1%C5%99sk%C3%A1+pr%C3%A1ce&year=2026&page=32,time series analysis and short-term prediction of particle pollution in central europe (1990-2022),english,fakulta informatiky a statistiky,data analytics,katedra statistiky a pravděpodobnosti,30. 3. 2026,2026,"this bachelor thesis focuses on the time series analysis of particle pollution data in central europe, specifically czechia, slovakia, poland, germany, austria and switzerland, between 1990 and 2022. furthermore, trend modelling is applied to generate a five-year forecast. the main objective of the analysis is to explore patterns in pm emissions in central europe over time and to compare these findings across the countries studied. additionally, countries are classified into two larger groups: west-central european countries (germany, austria and switzerland) and east-central european countries (czechia, slovakia and poland); to compare underlying similarities and differences within and between these groups, which might be interlinked with the groups’ different economic and historical background.",time series; time series analysis; forecasting; fine particle pollution; coarse particle pollution; central europe; trend,,807,False,0.5633501410484314,False,0.0,False
2026,Přechod na postkvantovou kryptografii v podnikovém prostředí,kresl filip,https://vskp.vse.cz/100774_prechod-na-postkvantovou-kryptografii-v-podnikovem-prostredi?type=Bakal%C3%A1%C5%99sk%C3%A1+pr%C3%A1ce&year=2026&page=32,transitioning to post-quantum cryptography in business,english,fakulta informatiky a statistiky,aplikovaná informatika,katedra systémové analýzy,11. 5. 2026,2026,"this thesis analyzes the practical migration of enterprise web infrastructure to nist-standardized post-quantum cryptography to mitigate the immediate threat of store now, decrypt later attacks. following a review of standardized migration frameworks, a technical case study was executed to upgrade a containerized tls 1.2 environment to a quantum-resistant tls 1.3 stack. the implementation replaced vulnerable components by enforcing a hybrid x25519 and ml-kem-768 key exchange, deploying ml-dsa-65 for server authentication, and utilizing aes-256 for symmetric encryption. network traffic analysis showed that the 5,515-byte ml-dsa certificate exceeds standard mtu limits and causes tcp fragmentation, marking increased payload size as the primary operational challenge. however, isolating the cryptographic overhead, the comparison between classical and post-quantum tls 1.3 handshakes showed an increase in connection setup time of only 4 ms (from 142 ms to 146 ms) under simulated network latency. the migration to lattice-based cryptography is therefore technically viable for current infrastructures, provided that the increased bandwidth consumption is properly managed.",post-quantum cryptography; pqc; transport layer security; tls; hybrid cryptography; ml-kem; ml-dsa,,1179,False,0.7491134405136108,False,0.0,False
2026,Využití PTP v sítích AVoIP,olszynský richard,https://vskp.vse.cz/100354_vyuziti-ptp-v-sitich-avoip?type=Bakal%C3%A1%C5%99sk%C3%A1+pr%C3%A1ce&year=2026&page=32,use of ptp in avoip networks,english,fakulta informatiky a statistiky,multimédia v ekonomické praxi,katedra multimédií,9. 5. 2026,2026,"this bachelor’s thesis focuses on the design, implementation, and evaluation of a low-cost, gnss-synchronized ptp grandmaster for avoip networks. modern avoip protocols, such as dante and aes67, require strict time synchronization to ensure precise media playback without audio dropouts or artifacts. while commercial grandmaster clocks are available, this thesis explores a custom solution based on consumer-grade hardware, specifically raspberry pi 5 and adafruit ultimate gps hat.  the theoretical part introduces the core principles of time synchronization in networked systems, compares ntp and ptp protocols, details the ieee 1588 standard, and explores avoip timing requirements.  the practical part describes the hardware assembly and software configuration of the grandmaster clock. the system utilizes a 1pps hardware interrupt, nmea time data, and a set of linux packages that include gpsd, chrony, phc2sys, and ptp4l. to improve synchronization precision, two software optimizations were implemented: cpu core isolation and nic interrupt coalescing.  the resulting grandmaster was deployed and tested within a dante-enabled university network. the evaluation showed that cpu core isolation successfully reduced the standard deviation of hardware clock offset by more than three times (from 388.8 to 117.4 ns). further testing demonstrated robust system stability during simulated network, gps, and power outages, showcasing its viability in a production avoip environment.",precision time protocol; ptp; audio over ip; avoip; grandmaster; gps; ieee 1588; dante; aes67; raspberry pi,,1484,False,0.6587710380554199,False,0.0,False
2026,Návrh vizuální identity pro e-shop s čajem,mulyukova adelina,https://vskp.vse.cz/100384_navrh-vizualni-identity-pro-e-shop-s-cajem?type=Bakal%C3%A1%C5%99sk%C3%A1+pr%C3%A1ce&year=2026&page=33,visual identity design for a tea e-shop,english,fakulta informatiky a statistiky,multimédia v ekonomické praxi,katedra multimédií,9. 5. 2026,2026,"this bachelor&apos;s thesis documents the design of a visual identity for a fictional sustainable premium specialty tea e-commerce brand. the work combines a theoretical foundation in visual branding with a practical design process grounded in market analysis, competitive analysis, target audience research, and qualitative evaluation. the theoretical part defines the relationships between branding, brand identity, and visual identity, and examines how core visual elements (logo design, colour palette, and typography) shape consumer perception, build emotional connection, and influence purchasing decisions. it also addresses the strategic foundations of brand identity development: mission, vision, values, positioning, brand archetypes, and target audience expectations. the practical part applies this framework to the development of a complete visual identity system. analysis of the specialty tea e-commerce market identified premiumisation, sustainability, and ritual consumption as the primary growth drivers. structured visual analysis of five competing brands revealed a market dominated by green colour palettes, botanical illustration, and heritage ornamentation, with no brand building its identity around the sensory experience of drinking tea itself. this gap informed the positioning and visual direction of the proposed brand. the resulting brand, initially named chaté and subsequently, following qualitative evaluation, revised to chaya, is built around the concept of tea as a reason to slow down. the visual system consists of a deep warm brown-black and off-white cream colour palette, a wordmark set in cormorant garamond, a brush stroke as the sole recurring graphic element, and a cylindrical wooden tube as the primary packaging format. the identity was evaluated through six semi-structured interviews with members of the target audience. findings confirmed strong performance on attractiveness and credibility, with targeted revisions made in response to feedback on label clarity, cultural ambiguity in the brand name, product photography range, and body typeface pairing. the thesis demonstrates that a research-informed design process can produce a visual identity that is both strategically differentiated and positively received by the intended audience.",tea e-commerce; sustainable branding; brand archetypes; packaging design; brand identity; visual identity; brand positioning,,2292,False,0.6129506826400757,False,0.99,False
2026,VST3 Plugin pro úpravu sub-basových frekvencí na základě vnímané hlasitosti lidským uchem,pavelka ondřej,https://vskp.vse.cz/100625_vst3-plugin-pro-upravu-sub-basovych-frekvenci-na-zaklade-vnimane-hlasitosti-lidskym-uchem?type=Bakal%C3%A1%C5%99sk%C3%A1+pr%C3%A1ce&year=2026&page=35,vst3 plugin for attenuating sub-bass frequencies based on perceived loudness of human ear,english,fakulta informatiky a statistiky,multimédia v ekonomické praxi,katedra multimédií,11. 5. 2026,2026,"this bachelor’s thesis addresses one of the most persistent challenges in modern audio production, the accurate management and reproduction of the sub-bass region (20 hz to 60-80 hz). due to the non-linearity of the human auditory system which is described by the normal equal-loudness-level contours (iso 226:2023), humans are significantly less sensitive to these low frequencies than to the midrange, leading to a critical disparity between measured loudness and subjectively perceived loudness.  the theoretical part of this work examines the human auditory system and the specific characteristics of the sub-bass region, investigating psychoacoustic phenomena, such as the ”missing fundamental”, that govern how humans interpret low-end frequencies. the research evaluates existing static and dynamic mixing workflows, including combination of these workflows, reinforcing that even these standard methodologies are effective for maintaining consistent perceived loudness across the sub-bass spectrum when rightly calibrated to human hearing sensitivities.  the practical outcome of this thesis is the design and implementation of a vst3 plugin developed using the juce framework and c++, that can run on all major operating systems and daws. the plugin utilizes a two-stage signal chain, a static equalization stage based on equal-loudness curves and a frequency-aware saturation stage to generate harmonic overtones. qualitative feedback from musicians and audio engineers confirms that the tool can provide a perceptually accurate results, but that there are still a lot of variables the plugin can not control. despite these challenges, initial feedback suggests the plugin represents a step in the right direction for addressing the gap between objective signal intensity and human hearing sensitivity and that the plugins potential use can go beyond equalizing sub-bass frequencies. performance testing indicates a higher computational demand than standard stock plugins, identifying a key area for future optimization.",lufs; eq; compression; juce; dbfs; sub-bass; vst3,,2030,False,0.5580409169197083,False,0.0,False
2026,Predikce výhry profesionálních zápasů v Dota 2,koberec matěj,https://vskp.vse.cz/100350_predikce-vyhry-profesionalnich-zapasu-v-dota-2?type=Bakal%C3%A1%C5%99sk%C3%A1+pr%C3%A1ce&year=2026&page=37,win prediction for professional matches in dota 2,english,fakulta informatiky a statistiky,matematické metody v ekonomii,katedra ekonometrie,9. 5. 2026,2026,"this thesis is dedicated to the subject matter of win prediction in an esport title dota 2. the aim of the thesis is construction of models for prediction with the use of data, which are available before the beginning of the match in the shape of selected heroes and data obtained through the progression of a match at the 10 minute mark, such as difference in gold between teams, difference in taken towers or amount of activated runes. there is description of data in the thesis, the construction of logistic regression, random forest and extreme gradient boosting models. the logistic regression model is constructed with all variables except the difference in gold and experience, which have high multicollinearity with the other variables, but are kept in the random forest and extreme gradient boosting models to capture more complex relationships between variables. all the created models are then evaluated with the use of evaluation metrics and their quality of prediction is compared between them.",win prediction; dota 2; logistic regression; machine learning models,,1007,False,0.7740421295166016,False,0.0,False
